"last_name, first_name","player_id","year","pa","hit","single","double","triple","home_run","k_percent","bb_percent","on_base_plus_slg","exit_velocity_avg","sweet_spot_percent","barrel_batted_rate","solidcontact_percent","hard_hit_percent","avg_best_speed","avg_hyper_speed","whiff_percent","swing_percent","groundballs_percent","flyballs_percent"
"Cabrera, Miguel","408234","2020","231","51","37","4","0","10",22.1,10.4,"0.746","93.2",36.8,9.7,5.8,49.7,"102.655113117","96.026886144",31.6,47.7,42.6,21.9
"Cruz Jr., Nelson","443558","2020","214","56","34","6","0","16",27.1,11.7,"0.992","91.6",39.4,15,3.9,47.2,"102.723679524","95.93307824",34.2,47.6,47.2,21.3
"Peralta, David","444482","2020","218","61","45","10","1","5",20.6,6,"0.772","89.2",29.4,5,6.3,36.3,"100.556636709","94.354591139",21.1,46.6,51.2,18.8
"Longoria, Evan","446334","2020","209","49","31","10","1","7",18.7,5.3,"0.722","91.7",29.9,11.5,3.8,45.2,"101.530260256","95.520896474",21,45,50.3,25.5
"Cabrera, Asdrúbal","452678","2020","213","46","26","9","3","8",18.8,8.9,"0.752","89.5",30.5,6.5,8.4,38.3,"97.982868684","93.323023224",20.5,46.1,45.5,26.6
"Blackmon, Charlie","453568","2020","247","67","48","12","1","6",17.8,7.7,"0.804","86.9",38.5,4.9,5.5,29.7,"97.303074157","92.71975736",23.3,50.2,38.5,24.7
"Solano, Donovan","456781","2020","203","62","43","15","1","3",19.2,4.9,"0.828","88.5",43.4,4.6,7.9,34.9,"98.263815526","93.264044768",22,51.9,36.2,22.4
"McCutchen, Andrew","457705","2020","241","55","36","9","0","10",19.9,9.1,"0.757","89.7",36.5,8.2,8.8,41.2,"99.22758119","93.968213095",22,40.6,35.3,27.1
"Votto, Joey","458015","2020","223","42","23","8","0","11",19.3,16.6,"0.800","87.4",36.4,9.1,9.8,35.7,"98.39738875","93.296095944",22.5,36.2,39.9,37.8
"Santana, Carlos","467793","2020","255","41","26","7","0","8",16.9,18.4,"0.699","88",32.3,6.7,8.5,36.6,"99.260366296","93.650599074",20.6,36.3,43.3,26.2
"Brantley Jr., Michael","488726","2020","187","51","31","15","0","5",15,9.1,"0.840","88.7",34.5,4.9,6.3,37.3,"98.251374648","93.415636667",16.3,39.9,47.9,26.1
"Gurriel, Yuli","493329","2020","230","49","30","12","1","6",11.7,5.2,"0.658","89.3",34.4,3.7,7.4,36.5,"98.527696064","93.454652781",15.6,48.8,38.1,27
"Escobar, Eduardo","500871","2020","222","43","29","7","3","4",18.5,6.8,"0.605","88.6",34.8,5.5,3.7,31.7,"97.095200488","92.633428037",21.6,51.4,38.4,27.4
"Martinez, J.D.","502110","2020","237","45","22","16","0","7",24.9,9.3,"0.680","89.5",39.6,11,7.8,41.6,"99.85455974","94.246308758",28.1,51.9,35.1,35.1
"Reddick, Josh","502210","2020","210","46","30","11","1","4",20,9.5,"0.694","85.9",34.7,4.8,4.8,29.3,"96.145119315","92.092886986",22.6,46.5,37.4,21.1
"Goldschmidt, Paul","502671","2020","231","58","39","13","0","6",18.6,16,"0.883","89.2",42.3,10.7,7.4,40.9,"99.2678272","93.874685503",23.7,40.6,34.9,24.8
"Gonzalez, Marwin","503556","2020","199","37","28","4","0","5",20.6,8.5,"0.606","89.2",31.9,5.1,5.1,38.4,"98.202361739","93.451501168",23.5,43,41.3,26.8
"Altuve, Jose","514888","2020","210","42","28","9","0","5",18.6,8.1,"0.630","86.7",24.8,4.6,5.9,33.3,"97.480630811","92.777053741",20.2,50,51,22.2
"Hernández, César","514917","2020","261","66","43","20","0","3",21.8,9.2,"0.763","89.1",37.3,4,6.8,37.3,"98.999012093","93.787809064",19.6,43.6,50.8,14.1
"Segura, Jean","516416","2020","217","51","37","5","2","7",20.7,10.6,"0.769","87.7",31.8,6.1,3.4,38.5,"99.748813288","93.958321438",22.1,46.8,49.3,18.9
"Marte, Starling","516782","2020","250","64","43","14","1","6",16.4,4.8,"0.770","87.1",30.3,6.4,4.3,30.3,"97.604057802","92.829315028",25.2,52.7,54.8,22.3
"Freeman, Freddie","518692","2020","262","73","36","23","1","13",14.1,17.2,"1.102","92.4",49.2,14.7,4.5,54.2,"101.812650227","95.798406705",20.1,48.2,32.8,28.8
"Grandal, Yasmani","518735","2020","194","37","22","7","0","8",29.9,15.5,"0.773","90.3",38.1,7.6,9.5,43.8,"99.928859811","94.403731524",30.7,34.1,36.2,28.6
"LeMahieu, DJ","518934","2020","216","71","49","10","2","10",9.7,8.3,"1.011","91.3",29.7,2.9,9.1,45.7,"100.540551744","94.953852733",11.2,44.1,57.1,15.4
"Rizzo, Anthony","519203","2020","243","45","28","6","0","11",15.6,11.5,"0.756","87.7",34.7,7.8,4.8,34.7,"99.57215061","93.849255427",19.3,42.5,40.1,22.2
"Flores, Wilmer","527038","2020","213","53","29","11","1","12",16.9,6.1,"0.830","87.9",37.4,6.1,6.1,34.4,"97.808676707","93.175661718",17.8,48,33.7,29.4
"García, Avisaíl","541645","2020","207","43","31","10","0","2",23.7,9.7,"0.659","87.4",37.1,3.8,8.3,37.1,"99.290871364","93.692910455",34.7,54.6,48.5,18.9
"Ozuna, Marcell","542303","2020","267","77","45","14","0","18",22.5,14.2,"1.067","93",39.1,15.4,8.3,54.4,"103.534352941","96.562612663",31.4,46.3,37.3,26
"Villar, Jonathan","542340","2020","207","43","36","5","0","2",26.1,9.2,"0.593","86.7",18.7,1.5,3.7,35.8,"99.470722344","93.853135313",32,51.6,59.7,12.7
"Aguilar, Jesús","542583","2020","216","52","34","10","0","8",18.5,10.6,"0.809","89.3",37.5,7.2,5.9,37.5,"99.078188947","93.762450461",22.3,47.3,37.5,22.4
"Crawford, Brandon","543063","2020","193","44","24","12","0","8",24.4,7.8,"0.791","88.7",35.4,9.4,4.7,39.4,"98.74086254","93.673056111",31.5,54.6,41.7,26
"Grossman, Robbie","543257","2020","192","40","18","12","2","8",19.8,10.9,"0.826","89",33.6,5.5,7.8,37.5,"98.280297813","93.396949921",18.4,43.4,39.8,28.9
"Hicks, Aaron","543305","2020","211","38","20","10","2","6",18,19.4,"0.793","88.2",29.8,6.9,6.1,38.2,"99.738009846","93.99654093",27.9,39.4,47.3,23.7
"Rendon, Anthony","543685","2020","232","54","33","11","1","9",13.4,16.4,"0.915","90.1",39.2,6.3,7.6,40.5,"98.602933924","93.634717389",14.7,40.5,34.8,27.8
"Semien, Marcus","543760","2020","236","47","30","9","1","7",21.2,10.6,"0.679","86.2",32.9,5,6.8,28.6,"96.361638375","92.211459874",23.3,44.1,32.9,32.3
"Springer III, George","543807","2020","222","50","28","6","2","14",17.1,10.8,"0.899","88.7",35.3,12.4,5.9,42.5,"101.012866184","94.708160132",25.3,47.7,35.9,26.1
"Vázquez, Christian","543877","2020","189","49","33","9","0","7",22.8,8.5,"0.801","88.4",33.1,4.6,6.2,40,"98.429126154","93.35878876",22.9,47.6,41.5,27.7
"Wong, Kolten","543939","2020","208","48","41","4","2","1",14.4,9.6,"0.676","86.5",31.2,0.6,3.2,26.6,"95.584306892","91.793051554",15.8,43.9,51.9,14.9
"Gregorius, Didi","544369","2020","237","61","39","10","2","10",11.8,6.3,"0.827","83.8",35.3,4.2,6.8,27.9,"96.139141064","92.158376631",18.8,53.5,38.4,22.6
"Grichuk, Randal","545341","2020","231","59","38","9","0","12",21.2,5.6,"0.793","88.9",27.2,11.2,6.5,39.6,"100.547348929","94.472173234",23.1,51.7,42.6,23.7
"Trout, Mike","545361","2020","241","56","28","9","2","17",23.2,14.5,"0.993","93.7",36.1,15,8.2,55.1,"103.522413333","96.756365347",19.5,36.7,25.9,38.8
"Ruiz, Rio","547004","2020","204","41","21","11","0","9",22.5,8.3,"0.713","87.9",27.7,8.5,6.4,39,"99.181741429","93.707106906",27.3,52,47.5,20.6
"Harper, Bryce","547180","2020","244","51","27","9","2","13",17.6,20.1,"0.962","92.5",33.3,17.3,4,50.7,"104.136840278","96.785819375",28.6,45.9,40,33.3
"Abreu, José","547989","2020","262","76","42","15","0","19",22.5,6.9,"0.987","92.9",37.4,14.3,9.3,53.3,"104.315308571","96.898123022",30.1,48.5,45.1,24.2
"Suárez, Eugenio","553993","2020","231","40","17","8","0","15",29,13,"0.782","89.1",29.5,14.4,5.3,44.7,"101.191154545","94.886730076",31.7,41.7,36.4,37.1
"González, Erik","570481","2020","193","41","24","13","1","3",26.4,4.1,"0.614","88.5",33.6,6.7,8.2,44,"100.617211515","94.399348561",32,53.4,47.8,17.2
"Arenado, Nolan","571448","2020","201","46","29","9","0","8",10,7.5,"0.737","87.8",27.1,5.4,4.2,33.7,"98.207786506","93.152140723",17.9,48.1,36.7,25.9
"Muncy, Max","571970","2020","248","39","23","4","0","12",24.2,15.7,"0.720","88.5",29,12.4,8.3,40,"99.706862329","94.042931517",26.8,36.6,44.8,33.1
"Myers, Wil","571976","2020","218","57","26","14","2","15",25.7,8.3,"0.959","91",40.8,14.8,8.5,45.8,"101.631815571","95.352673957",25.9,42.6,38.7,30.3
"Pollock, AJ","572041","2020","210","54","29","9","0","16",21.4,5.7,"0.880","89.6",37.9,10.5,7.8,43.1,"100.207984474","94.434710861",24.4,47.7,39.2,28.8
"Seager, Kyle","572122","2020","248","49","28","12","0","9",13.3,12.9,"0.788","89.1",30.7,10.2,6.3,39.8,"98.417159318","93.543557614",20.4,40.3,36.4,36.4
"Voit III, Luke","572228","2020","234","59","32","5","0","22",23.1,7.3,"0.948","88.9",37.5,13.1,6.3,40,"100.684343544","94.623051203",27.6,52.1,41.3,30
"Walker, Christian","572233","2020","243","59","33","18","1","7",20.6,7.8,"0.792","90.4",34.5,6.4,10.5,48.5,"101.908890353","95.476667059",27.1,51.8,42.7,22.8
"Dickerson, Corey","572816","2020","210","50","37","5","1","7",16.7,7.1,"0.713","85.7",25.8,5.7,3.1,30.8,"97.061493671","92.538034367",25.7,53.4,52.2,23.3
"Yastrzemski, Mike","573262","2020","225","57","29","14","4","10",24.4,13.3,"0.968","88.2",35,10.9,9.5,42.3,"99.26844913","93.715521022",24.7,39.1,38.7,29.2
"Contreras, Willson","575929","2020","225","46","29","10","0","7",25.3,8.9,"0.763","89.8",35.8,10.4,6.7,47.8,"102.281617612","95.465128571",33.6,47.9,49.3,19.4
"Canha, Mark","592192","2020","243","47","28","12","2","5",22.2,15.2,"0.795","89.7",37.3,7.7,8.5,39.4,"98.907806143","93.708491143",24,38,33.8,31.7
"Castellanos, Nick","592206","2020","242","49","22","11","2","14",28.5,7.9,"0.784","91",39.3,16,6.7,46.7,"100.5504196","94.703394832",34.2,51.8,36,30
"Machado, Manny","592518","2020","254","68","39","12","1","16",14.6,10.2,"0.950","90.2",34.6,11,3.7,43.5,"102.695949158","95.565070368",21.7,46.7,38.2,24.1
"Moran, Colin","592567","2020","200","44","24","10","0","10",26,9.5,"0.797","91.9",32.3,13.4,2.4,47.2,"102.613770159","95.95598352",28,49.9,57.5,17.3
"Realmuto, J.T.","592663","2020","195","46","29","6","0","11",24.6,8.2,"0.840","90.2",32.8,13.6,5.6,42.4,"101.277934921","95.12123304",29.8,45.3,48.8,25.6
"Rosario, Eddie","592696","2020","231","54","34","7","0","13",14.7,8.2,"0.792","87.5",30.3,6.2,8.4,35.4,"97.149699091","92.643316171",22.6,51.9,36.5,33.1
"Yelich, Christian","592885","2020","247","41","21","7","1","12",30.8,18.6,"0.786","94",32.3,12.1,8.1,55.6,"103.843596557","97.02065123",33.6,34.6,51.6,22.6
"Merrifield, Whit","593160","2020","265","70","49","12","0","9",12.5,4.5,"0.765","86.1",39.8,5.1,4.6,27.3,"95.855324206","91.961579112",16.1,49.3,37.5,29.2
"Bogaerts, Xander","593428","2020","225","61","42","8","0","11",18.2,9.3,"0.866","89",31.3,8.6,5.5,36.8,"99.721139136","94.010233642",23,43.6,45.4,27.6
"Alberto, Hanser","593643","2020","231","62","44","15","0","3",13,2.2,"0.699","82.3",32.6,1,3.1,20.7,"93.472612717","90.856123497",16.7,62.9,47.2,19.2
"Polanco, Jorge","593871","2020","226","54","42","8","0","4",15.5,5.8,"0.658","86.6",39,2.8,5.1,33.3,"96.651106591","92.358275714",16.8,43.7,37.3,27.7
"Sanó, Miguel","593934","2020","205","38","13","12","0","13",43.9,8.8,"0.756","95.2",31.3,22.9,9.4,57.3,"107.128241875","98.788112737",42.6,47.3,37.5,29.2
"Calhoun, Kole","594777","2020","228","43","18","9","0","16",21.9,12.3,"0.864","89.4",36.1,11.8,8.3,38.2,"99.503862113","93.982617872",32.7,46.8,40.3,32.6
"Duvall, Adam","594807","2020","209","45","21","8","0","16",25.8,7.2,"0.833","88.1",30.7,13.9,5.1,40.1,"100.670608824","94.472182941",27.1,49,29.9,39.4
"Profar, Jurickson","595777","2020","202","50","37","6","0","7",13.9,7.4,"0.771","87.2",35.5,3.2,3.2,27.7,"96.940536711","92.4870825",20.1,47.1,43.9,18.7
"Báez, Javier","595879","2020","235","45","27","9","1","8",31.9,3,"0.598","89.4",24.8,8.1,7.4,40.3,"101.31207375","94.809897708",37.8,53.2,50.3,22.8
"Lindor, Francisco","596019","2020","266","61","40","13","0","8",15.4,9,"0.750","89.9",36.5,5.6,9.1,41.1,"99.684694433","94.059685052",20.3,48.9,39.6,24.4
"Story, Trevor","596115","2020","259","68","40","13","4","11",24.3,9.3,"0.874","89.9",40.1,8.7,7.6,41.3,"100.396057209","94.467090526",25.7,45.8,29.7,30.2
"Kepler, Max","596146","2020","196","39","21","9","0","9",18.4,11.2,"0.760","88.5",30.9,5.1,7.4,38.2,"99.204226765","93.676104222",21.2,44.8,32.4,26.5
"Franco, Maikel","596748","2020","243","62","38","16","0","8",15.6,6.6,"0.778","86.7",33.3,5.8,7.9,38.6,"100.224684468","94.175420214",24.6,49.9,46,17.5
"Bradley Jr., Jackie","598265","2020","217","54","36","11","0","7",22.1,10.6,"0.814","88.4",28.5,7.6,4.2,36.4,"98.602853571","93.472785429",25.9,45.3,54.9,20.8
"La Stella, Tommy","600303","2020","228","55","34","14","2","5",5.3,11.8,"0.819","88",32.1,4.8,3.7,28.3,"96.273957849","92.214603892",11.2,38.1,40.1,28.3
"Núñez, Renato","600524","2020","216","50","28","10","0","12",29.6,7.9,"0.816","86.3",37.9,12.1,4.5,36.4,"98.851627273","93.444118636",30.1,52.1,32.6,27.3
"Candelario, Jeimer","600869","2020","206","55","34","11","3","7",23.8,9.7,"0.872","90.2",37.5,10.3,6.6,47.1,"101.954374925","95.267632164",27.6,45,40.4,24.3
"Ahmed, Nick","605113","2020","217","53","37","10","1","5",21.2,8.3,"0.729","87.7",30.1,5.2,5.2,33.3,"97.979172667","93.079952",27.4,48.2,51.6,15
"Anderson, Brian","605119","2020","229","51","32","7","1","11",28.8,9.6,"0.810","87.4",34.8,9.6,6.7,39.3,"99.102413382","93.651971037",34.4,49.1,48.9,23.7
"Bell, Josh","605137","2020","223","44","33","3","0","8",26.5,9.9,"0.669","91.7",24.3,8.6,3.6,42.9,"102.09961","95.3740285",33.6,45.9,56.4,19.3
"Betts, Mookie","605141","2020","246","64","38","9","1","16",15.4,9.8,"0.928","90.7",40.1,7.7,11,43.4,"99.966803556","94.311948056",13.8,40.5,33,31.3
"Davis, J.D.","605204","2020","229","47","32","9","0","6",24.5,13.5,"0.760","90.1",29.6,8.9,4.4,45.2,"102.105949851","95.319305299",29.3,44.9,56.3,15.6
"Arcia, Orlando","606115","2020","189","45","29","10","1","5",16.9,7.4,"0.733","89",37.3,5.6,6.3,38.7,"99.346351","93.890230143",23.1,46.8,47.2,16.2
"Tapia, Raimel","606132","2020","206","59","48","8","2","1",18.4,6.8,"0.771","85.3",28.7,2,2.7,30,"96.593740405","92.307061689",18.7,51.1,56,17.3
"Hernández, Teoscar","606192","2020","207","55","32","7","0","16",30.4,6.8,"0.919","93.3",40.6,18,4.7,53.1,"104.846097031","97.246447559",34.9,46.4,38.3,30.5
"Marte, Ketel","606466","2020","195","52","35","14","1","2",10.8,3.6,"0.732","89.2",28.8,3.7,6.1,40.5,"100.204872785","94.245687975",14.1,45,46.6,20.2
"Nimmo, Brandon","607043","2020","225","52","33","8","3","8",19.1,14.7,"0.888","87.2",30.8,7.7,4.2,32.9,"97.980723714","93.071893214",21.6,41.6,47.6,20.3
"Turner, Trea","607208","2020","259","78","47","15","4","12",13.9,8.5,"0.982","90.5",34.2,9.5,6,40.7,"100.635350612","94.552732551",19.6,46.9,44.7,23.1
"Pillar, Kevin","607680","2020","223","60","39","12","3","6",18.4,5.8,"0.798","87.1",34.7,5.4,5.4,36.5,"98.092420244","93.134598773",25.3,51.9,40.7,25.1
"Ramírez, José","608070","2020","254","64","30","16","1","17",16.9,12.2,"0.993","88.7",36.7,10.2,6.2,35.6,"99.264116591","93.668352686",16.6,41.4,29.9,29.4
"Gallo, Joey","608336","2020","226","35","17","8","0","10",35,12.8,"0.679","91.2",28.9,14,4.4,43.9,"102.04771537","95.481172685",37.4,43.6,31.6,33.3
"Seager, Corey","608369","2020","232","65","37","12","1","15",15.9,7.3,"0.943","93.2",38.4,15.8,13,55.9,"103.805088736","96.925112586",25.8,55.6,40.1,31.1
"Mondesi, Adalberto","609275","2020","233","56","36","11","3","6",30,4.7,"0.710","90.6",19.9,7.3,2.6,39.1,"100.463874118","94.6236125",39.8,54.5,51.7,23.2
"Reyes, Franmil","614177","2020","241","58","39","10","0","9",28.6,10,"0.794","92.4",31.3,12.9,4.8,44.9,"103.394751806","96.328288182",38.5,46,51,23.1
"Swanson, Dansby","621020","2020","264","65","40","15","0","10",26.9,8.3,"0.809","89.1",40.7,11.4,4.8,40.7,"99.696452771","94.009281333",31.6,47.2,38.9,29.3
"Taylor, Chris","621035","2020","214","50","30","10","2","8",25.7,12.1,"0.842","88",35.1,11.5,8.4,45,"101.014144762","94.70205312",32.5,44.9,48.1,20.6
"Correa, Carlos","621043","2020","221","53","39","9","0","5",22.2,7.2,"0.709","88.8",26.1,5.9,6.5,42.1,"99.799884079","94.072529338",24.4,47.1,49.7,20.9
"Olson, Matt","621566","2020","245","41","22","4","1","14",31.4,13.9,"0.734","92.3",30.1,12.8,8.3,45.9,"102.764032969","95.948013281",34.8,42.7,35.3,29.3
"Reyes, Victor","622682","2020","213","56","43","7","2","4",21.1,4.2,"0.706","90",39.5,3.8,6.4,41.4,"98.63923961","93.618739286",26.4,54.2,47.1,22.3
"Alonso, Pete","624413","2020","239","48","26","6","0","16",25.5,10,"0.816","90.2",30.4,12.8,4.7,41.2,"102.386786986","95.44273469",30.4,46.1,39.9,29.7
"Biggio, Cavan","624415","2020","265","55","31","16","0","8",23,15.5,"0.807","87.4",31.4,5,8.8,30.8,"96.787761519","92.575247452",23,36.3,39.6,31.4
"Conforto, Michael","624424","2020","233","65","44","12","0","9",24.5,10.3,"0.927","88.4",38.6,11,6.2,36.6,"99.863468082","94.033462897",26,44.2,41.4,20
"Frazier, Adam","624428","2020","230","48","34","7","0","7",15.2,7.4,"0.661","85.5",34.9,4,2.9,25.1,"95.606103488","91.803051744",16.4,46.2,45.1,22.3
"Cronenworth, Jake","630105","2020","192","49","27","15","3","4",15.6,9.4,"0.831","89.8",37.8,10.5,5.6,42.7,"99.954348592","94.317753732",16.7,39.8,44.8,25.2
"Anderson, Tim","641313","2020","221","67","45","11","1","10",22.6,4.5,"0.886","87.2",33.3,10.1,4.4,35.8,"99.049571899","93.615060633",30.9,55.2,56,22
"Bellinger, Cody","641355","2020","243","51","29","10","0","12",17.3,12.3,"0.788","89.3",29.2,9.4,7,41.5,"100.513292857","94.455236287",23.3,47.6,39.8,29.2
"Crawford, J.P.","641487","2020","232","52","41","7","2","2",16.8,9.9,"0.674","85.8",34.1,1.8,6.6,31.1,"97.315126098","92.657563049",18.2,41.1,44.3,17.4
"Dozier, Hunter","641531","2020","186","36","24","4","2","6",25.8,14.5,"0.736","86.4",26.4,8.2,2.7,30.9,"98.298979455","93.253164404",30.9,41.9,39.1,25.5
"Lewis, Kyle","641786","2020","242","54","40","3","0","11",29.3,14,"0.801","88.3",37.2,11.7,7.3,35,"98.801784265","93.501654412",36.3,43.2,43.1,30.7
"McMahon, Ryan","641857","2020","193","37","21","6","1","9",34.2,9.3,"0.714","90.1",27.1,11.2,4.7,43,"101.166563962","94.858618952",31.4,47.3,50.5,28
"Smith, Dominic","642086","2020","199","56","24","21","1","10",22.6,7,"0.993","89.8",43,13.3,5.9,46.7,"100.278953134","94.610905149",26,51.9,41.5,20.7
"Adames, Willy","642715","2020","205","48","24","15","1","8",36.1,9.8,"0.813","88.8",36.9,9.9,9,40.5,"100.611447818","94.419791091",38.7,46.2,45,17.1
"Kiner-Falefa, Isiah","643396","2020","228","59","49","4","3","3",14,6.1,"0.699","87.2",22.2,2.2,2.8,31.1,"96.603922889","92.344912179",15.8,47.4,61.7,16.1
"McNeil, Jeff","643446","2020","209","57","39","14","0","4",11.5,9.6,"0.837","86.6",37,2.5,6.8,26.5,"95.63896284","91.861592484",17.5,57,44.4,23.5
"Robles, Victor","645302","2020","189","37","28","5","1","3",28,4.8,"0.608","82.2",37.3,1.7,5.1,22.9,"94.70035","91.585986903",27.1,50.3,38.1,24.6
"Devers, Rafael","646240","2020","248","61","33","16","1","11",27,5.2,"0.793","93",33.3,12.1,5.5,43.6,"102.902087073","95.998599329",31.5,55,46.1,23
"Jiménez, Eloy","650391","2020","226","63","35","14","0","14",24.8,5.3,"0.891","92.4",32.9,16.5,7,55.7,"103.874396076","96.948955223",29.2,54.4,52.5,20.3
"Schwarber, Kyle","656941","2020","224","36","19","6","0","11",29.5,13.4,"0.701","92.8",28.8,11.2,8.8,47.2,"103.130327705","96.271187438",28,42.9,51.2,24.8
"Verdugo, Alex","657077","2020","221","62","40","16","0","6",20.4,7.7,"0.845","87",31.2,6.4,5.1,34.4,"98.021422025","93.054003567",18.7,42.8,52.2,19.1
"White, Evan","657108","2020","202","32","17","7","0","8",41.6,8.9,"0.598","91.7",27.3,14.1,8.1,52.5,"102.396977755","95.801080408",38,43.8,44.4,30.3
"Laureano, Ramón","657656","2020","222","39","24","8","1","6",26.1,10.8,"0.704","87.7",34.4,9.4,4.7,34.4,"99.202456563","93.694385859",25,40.2,44.5,24.2
"Moncada, Yoán","660162","2020","231","45","28","8","3","6",31.2,12.1,"0.705","87.8",33.8,6.2,4.6,33.1,"98.732421563","93.432022969",30.5,43.1,41.5,21.5
"Acuña Jr., Ronald","660670","2020","202","40","15","11","0","14",29.7,18.8,"0.987","92.4",34,16,18,57,"105.5944674","97.7021265",29.9,40.5,36,32
"Riley, Austin","663586","2020","206","45","29","7","1","8",23.8,7.8,"0.716","91",30.7,10,5,42.9,"101.303326667","95.046922681",30.1,54.2,42.1,22.9
"Tucker, Kyle","663656","2020","228","56","29","12","6","9",20.2,7.9,"0.837","91.1",34.1,9.1,6.7,44.5,"100.585821585","94.801780307",22.5,50.5,39,28.7
"Grisham, Trent","663757","2020","252","54","33","8","3","10",25.4,12.3,"0.808","88.3",37.9,11.1,3.9,41.8,"100.546281528","94.492469653",24.2,38.3,43.8,22.2
"Happ, Ian","664023","2020","231","51","27","11","1","12",27.3,13,"0.866","91.1",37.5,10.3,5.1,48.5,"101.293754179","95.210163083",35.7,43.5,47.1,19.9
"Lowe, Brandon","664040","2020","224","52","27","9","2","14",25.9,11.2,"0.916","89.8",37.2,17.5,5.1,43.1,"101.582307353","95.064492574",35.7,46.9,32.8,32.1
"Fletcher, David","664058","2020","230","66","50","13","0","3",10.9,8.7,"0.801","84.7",30.8,0.5,1.1,17.8,"93.861628587","90.930814293",8.6,37.2,55.1,13
"Tatis Jr., Fernando","665487","2020","257","62","32","11","2","17",23.7,10.5,"0.937","95.9",32.3,19.5,7.9,62.2,"105.418141463","98.319840671",28,47,48.2,26.2
"Guerrero Jr., Vladimir","665489","2020","243","58","34","13","2","9",15.6,8.2,"0.791","92.5",29.5,8.7,6,50.8,"104.137539231","96.564434725",24.7,47.9,54.6,21.9
"Soto, Juan","665742","2020","196","54","27","14","0","13",14.3,20.9,"1.185","92.1",33.3,18.3,6.3,51.6,"104.179163651","96.71684",21.4,36.2,53.2,21.4
"Gurriel Jr., Lourdes","666971","2020","224","64","39","14","0","11",21.4,6.3,"0.882","90.8",39.5,11.7,3.1,49.4,"101.125280494","95.206539938",26.3,51.2,41.4,21
"Reynolds, Bryan","668804","2020","208","35","20","6","2","7",27.4,10.1,"0.632","87.5",35.2,10.2,3.9,38.3,"99.182354844","93.601750078",27.7,46.8,44.5,28.1
"Edman, Tommy","669242","2020","227","51","38","7","1","5",21.1,7,"0.685","86.5",31,3.8,4.4,33.5,"98.038288205","93.038931538",19,42.7,51.3,14.6
"Solak, Nick","669256","2020","233","56","44","10","0","2",18,7.7,"0.670","89.9",27.5,4.7,7,40.4,"99.55755","94.098003235",19.1,43.8,48.5,26.3
"Hiura, Keston","669374","2020","246","46","29","4","0","13",34.6,6.5,"0.707","87.4",34.3,14.2,4.5,39.6,"99.973661343","94.067657368",42.7,50.1,44,27.6
"Lopez, Nicky","670032","2020","192","34","25","8","0","1",21.4,9.4,"0.552","84.9",30.5,1.5,3.1,26.7,"95.483714921","91.77179232",21,44.6,56.5,11.5
"Robert Jr., Luis","673357","2020","227","47","28","8","0","11",32.2,8.8,"0.738","87.9",36.6,13,9.2,40.5,"101.465314462","94.80674876",41.5,57.6,38.2,26.7
"Cabrera, Miguel","408234","2021","526","121","90","16","0","15",22.4,7.6,"0.702","91.4",32.8,8.3,8.5,49,"101.953387486","95.613068408",25.8,49.4,49,25.9
"Cruz Jr., Nelson","443558","2021","584","136","82","21","1","32",21.6,8.7,"0.831","92.9",31.8,13.6,8.1,52.5,"105.497885455","97.364589369",30.7,51,43.4,25.5
"Peralta, David","444482","2021","538","126","80","30","8","8",17.1,8.6,"0.727","89.3",27.2,5,4.5,41.8,"101.204662576","94.748489747",21.3,46.5,54.9,15.6
"Blackmon, Charlie","453568","2021","582","139","97","25","4","13",15.6,9.3,"0.762","87.6",32.6,7,3.5,38.5,"99.359821596","93.750499272",20.2,47.3,47.4,22.3
"McCutchen, Andrew","457705","2021","574","107","55","24","1","27",23,14.1,"0.778","88.8",33.6,9,8.4,39.5,"99.449259775","93.945349747",25.9,41.7,40.9,30.5
"Turner, Justin","457759","2021","612","148","99","22","0","27",16,10,"0.832","90.9",36.5,7.9,8.6,42.4,"99.559758318","94.25153575",17.7,44.5,35.4,33.1
"Votto, Joey","458015","2021","533","119","59","23","1","36",23.8,14.4,"0.938","92.9",44.3,17.2,9.2,53.2,"102.539441104","96.093851969",29.4,43.9,33.2,36.9
"Andrus, Elvis","462101","2021","541","121","91","25","2","3",15,5.7,"0.614","87.8",34,2.1,5.9,34.8,"98.143821256","93.154317918",19.6,48.9,47,17.5
"Santana, Carlos","467793","2021","659","121","87","15","0","19",15.5,13.1,"0.661","89.9",28,6.8,7.1,41.9,"100.529242479","94.571698094",22.2,43.4,45.3,26.5
"Lowrie, Jed","476704","2021","512","112","70","28","0","14",21.1,9.6,"0.716","90.7",36.5,9.3,9.6,45.9,"100.200115198","94.60925779",24.2,46.7,36.8,32.6
"Brantley Jr., Michael","488726","2021","508","146","106","29","3","8",10.4,6.5,"0.799","89.5",38.8,5.8,6.2,42.9,"99.686219375","94.187918365",10.9,45.6,46.8,20.6
"Gurriel, Yuli","493329","2021","605","169","123","31","0","15",11.2,9.8,"0.845","89.8",31,3.4,5.5,42,"99.889790127","94.187271203",13.9,42.8,41.6,24.3
"Rojas, Miguel","500743","2021","539","131","89","30","3","9",13.7,6.9,"0.714","86.2",32.4,2.8,4.7,32.9,"96.919576095","92.460967976",19.3,45.7,45.6,22
"Escobar, Eduardo","500871","2021","599","139","80","26","5","28",20.7,8,"0.786","87",38,8.9,6.1,34.5,"98.233403679","93.168115165",23.9,49.5,33.3,33.3
"Pham, Tommy","502054","2021","561","109","68","24","2","15",22.8,13.9,"0.723","90.8",35.6,10,8.8,47.6,"101.782107886","95.261546371",23.6,38.2,49.6,21.4
"Martinez, J.D.","502110","2021","634","163","90","42","3","28",23.7,8.7,"0.867","92.1",41.2,12.5,10.8,49.4,"102.421753991","95.887919576",29.2,54.2,34.1,31.5
"Goldschmidt, Paul","502671","2021","679","177","108","36","2","31",20,9.9,"0.879","92.6",36.9,13.6,8.3,50.6,"102.744108602","96.119572675",24.9,44.2,37.3,31.1
"Altuve, Jose","514888","2021","678","167","103","32","1","31",13.4,9.7,"0.839","87.7",32.1,6.4,6.2,35,"98.384760909","93.261160455",15.9,47.4,41,24.6
"Hernández, César","514917","2021","637","132","88","21","2","21",21.2,9.3,"0.694","87.4",32.6,6.8,5,33.2,"98.368510187","93.237272693",22,47.1,47.3,25.1
"Segura, Jean","516416","2021","567","149","105","27","3","14",13.8,6.9,"0.784","87.2",31.1,5.9,5.4,37.4,"99.697739358","93.921203784",17.1,48.7,52.4,19
"Marte, Starling","516782","2021","526","145","103","27","3","12",18.8,8.2,"0.841","87.6",32.6,8.4,4.3,39.6,"100.239516776","94.207705479",24.4,49.5,56.3,16.7
"Donaldson, Josh","518626","2021","543","113","61","26","0","26",21,13.6,"0.827","94.1",30.2,17.4,4.8,52.7,"104.204804343","97.023133829",27.6,45.2,43.9,28.5
"Freeman, Freddie","518692","2021","695","180","122","25","2","31",15.4,12.2,"0.896","91.4",37.2,11.5,7.1,46.1,"101.764448826","95.351215951",21,51.2,43.2,28.9
"LeMahieu, DJ","518934","2021","679","160","125","24","1","10",13.8,10.8,"0.711","90.6",33.3,3.7,6.9,43.5,"100.113305573","94.512956356",14.4,41.4,52,18.3
"Rizzo, Anthony","519203","2021","576","123","75","23","3","22",15.1,9,"0.784","90.1",31.4,7.7,5.6,41.1,"100.696655631","94.60294966",20.8,46.5,41.3,27.1
"Stanton, Giancarlo","519317","2021","579","139","85","19","0","35",27.1,10.9,"0.870","95.1",32.6,15.7,11,56.3,"108.657830625","99.263673807",32.6,44.2,45.5,23
"Perez, Salvador","521692","2021","665","169","97","24","0","48",25.6,4.2,"0.860","93",34.1,16.3,8.6,56.2,"104.087645903","97.05981185",33.7,58.9,37.4,33
"García, Avisaíl","541645","2021","515","121","74","18","0","29",23.5,7.4,"0.820","90.4",35.9,12.2,7,46.4,"102.661785607","95.672483217",33.7,58.1,48.4,26.1
"Villar, Jonathan","542340","2021","505","113","75","18","2","18",26.1,9.1,"0.738","88",29.9,7.4,5.6,34.9,"99.828691447","93.930594182",30.1,49.9,49.1,23.5
"Aguilar, Jesús","542583","2021","510","117","72","23","0","22",18.2,9,"0.788","89.6",34.7,8.5,5.5,41,"100.000025495","94.305900248",25.9,44.8,33.3,31.7
"Crawford, Brandon","543063","2021","549","144","87","30","3","24",19.1,10.2,"0.895","88.8",35.8,11.5,8.4,43.3,"99.818696492","94.078049948",29.3,51.7,40.5,28.7
"Cron, C.J.","543068","2021","547","132","72","31","1","28",21.4,11,"0.905","88.8",31.9,11.5,5,42,"101.733108492","94.934202465",27.4,47.1,38.7,32.5
"Grossman, Robbie","543257","2021","671","133","84","23","3","23",23.1,14.6,"0.772","87.8",39.5,7.6,8.3,34.1,"97.650887745","92.935303661",21.6,38.4,30,35.9
"Harrison, Josh","543281","2021","558","141","98","33","2","8",13.4,5.6,"0.741","87.2",39.5,4.4,7.4,32.6,"97.20370125","92.65377125",18.8,55.4,40.2,27.3
"Hosmer, Eric","543333","2021","565","137","97","28","0","12",17.5,8.5,"0.732","90.5",26.6,5.8,6.1,47,"102.446751471","95.653349314",22.9,48.3,56.2,14.8
"Semien, Marcus","543760","2021","724","173","87","39","2","45",20.2,9.1,"0.872","89.7",35.2,9.8,8.3,41.3,"99.347364664","93.999108178",21.5,45.1,31,36.7
"Grichuk, Randal","545341","2021","545","123","75","25","1","22",20.9,5,"0.704","89.8",30.4,8.5,6.2,41.1,"101.265902714","94.873053501",23.2,52.3,39.7,29.4
"Harper, Bryce","547180","2021","599","151","73","42","1","35",22.4,16.7,"1.044","92.5",38.9,18.1,8.3,49.7,"104.095508409","96.641756068",31.9,47.5,41.9,26.4
"Abreu, José","547989","2021","659","148","86","30","2","30",21.7,9.3,"0.832","92",31.2,10.2,9.2,49.3,"102.892077685","95.964420464",27.7,48.4,47.3,25.6
"Suárez, Eugenio","553993","2021","574","100","46","23","0","31",29.8,9.8,"0.714","89.1",33,15,3.8,39.8,"100.26923","94.340085339",29.5,42.7,36.3,35.7
"Schoop, Jonathan","570731","2021","674","173","120","30","1","22",19.7,5.5,"0.755","88.1",30.1,6.8,4.4,40.2,"101.189261968","94.661372435",24.7,52.5,48.4,20.3
"Arenado, Nolan","571448","2021","653","151","80","34","3","34",14.7,7.7,"0.806","89",34.1,6.7,6.9,37.5,"98.719642976","93.570965437",18.5,46.8,31.3,32.7
"Farmer, Kyle","571657","2021","529","127","87","22","2","16",18.3,4.2,"0.732","87.2",36,4.3,5.9,31.9,"97.545416308","92.888295077",20,49.9,40.8,25.5
"Haniger, Mitch","571745","2021","691","157","93","23","2","39",24.5,7.8,"0.803","89.3",33.6,12.6,6.5,45.1,"100.90811287","94.762439739",29.8,46.6,43.1,29.2
"Hernández, Enrique","571771","2021","585","127","69","35","3","20",18.8,10.4,"0.786","90.8",36.5,8.4,9.1,43.2,"99.999080443","94.357513827",23.5,44.6,33.6,32.6
"Muncy, Max","571970","2021","592","124","60","26","2","36",20.3,14,"0.895","91.2",34.9,16.1,8.2,46.6,"102.0590325","95.545324574",23.4,37.6,38.6,33.1
"Seager, Kyle","572122","2021","670","128","63","29","1","35",24,8.8,"0.723","89",35.7,12.3,7.8,40.1,"99.68216","94.062280564",29.6,49.6,33.4,37.7
"Taylor, Michael A.","572191","2021","528","118","89","16","1","12",27.3,6.3,"0.653","89.4",30.6,6.6,4.6,40.2,"100.404271228","94.393365396",30.9,51.9,46.2,27.5
"Yastrzemski, Mike","573262","2021","532","105","49","28","3","25",24.6,9.6,"0.768","89.5",33.1,10.3,7.6,39.3,"99.157264671","93.794353174",24.2,45.9,34.3,35.8
"Iglesias, Jose","578428","2021","511","131","93","27","2","9",14.7,4.1,"0.700","85.4",35.5,3.4,2.9,28.6,"96.57281701","92.297143784",18.9,55,42.1,22
"Bryant, Kris","592178","2021","586","136","77","32","2","25",23,10.6,"0.834","88.2",37.1,10.3,6.1,40,"99.222537","93.821051447",28,48.7,37.9,29.5
"Canha, Mark","592192","2021","625","120","77","22","4","17",20.5,12.3,"0.745","87.3",36.1,7.1,5.9,35.4,"97.938321269","93.004303181",21.5,40.5,42.2,24.4
"Castellanos, Nick","592206","2021","585","164","91","38","1","34",20.7,7,"0.938","89.8",44,10.6,11.5,46.9,"101.478243413","95.160421779",30.6,55,38,29.1
"Judge, Aaron","592450","2021","633","158","95","24","0","39",25,11.8,"0.917","95.8",38.5,17.6,9.1,58.4,"107.090197563","98.864780584",29.1,42.5,42.1,28
"Machado, Manny","592518","2021","640","157","96","31","2","28",15.9,9.8,"0.836","93.1",33.8,13.3,7,52.2,"104.861270593","97.161278811",23,48,39.5,25.4
"Realmuto, J.T.","592663","2021","537","125","79","25","4","17",24,8.9,"0.782","89.6",31.2,8.6,6,44.7,"101.300227486","94.997809341",27,49.5,46.7,24.4
"Renfroe, Hunter","592669","2021","572","135","71","33","0","31",22.7,7.7,"0.816","90.1",32.7,14.4,6.3,44.3,"102.674148889","95.514085899",25.9,48.2,38.5,27
"Merrifield, Whit","593160","2021","720","184","129","42","3","10",14.3,5.6,"0.712","86.9",40,3.5,7.2,28.8,"96.198273099","92.10313669",18.1,50,41.7,25.8
"Bogaerts, Xander","593428","2021","603","156","98","34","1","23",18.7,10.3,"0.863","89.6",36.4,9.7,5.9,43,"100.949849336","94.630657583",22,45.7,40.2,23.9
"Polanco, Jorge","593871","2021","644","158","88","35","2","33",18.3,7,"0.826","89.4",36.1,10.1,5.9,37.4,"99.644968803","94.059153897",19.7,49.5,33,32.8
"Sanó, Miguel","593934","2021","532","105","51","24","0","30",34.4,11.1,"0.778","93.4",32.3,17.7,5.2,55.9,"105.463960417","97.768462404",38.2,44.6,39.2,29.9
"Duvall, Adam","594807","2021","555","117","60","17","2","38",31.4,6.3,"0.772","89.8",33.3,16.1,5,43.9,"101.576989532","95.059923684",29.3,50,30.7,40.1
"Báez, Javier","595879","2021","547","133","82","18","2","31",33.6,5.1,"0.813","90.1",32.7,13.4,7.2,45.2,"102.100878994","95.40051456",40.5,56.9,46.7,24.9
"Lindor, Francisco","596019","2021","524","104","65","16","3","20",18.3,11.1,"0.734","90.7",35.6,8.2,7.7,44.1,"100.654597006","94.782827712",23.2,47.4,41.6,29.9
"Story, Trevor","596115","2021","595","132","69","34","5","24",23.4,8.9,"0.800","90.6",34.2,9.9,6.6,42.6,"100.826442959","94.729589592",27.4,50.8,36.5,30.9
"Candelario, Jeimer","600869","2021","626","151","90","42","3","16",21.6,10.4,"0.794","88.7",38.6,9,6.6,39.1,"99.820428626","94.030826508",23.4,47.6,40.8,25.6
"Bell, Josh","605137","2021","568","130","78","24","1","27",17.8,11.4,"0.823","92.5",28.5,8.8,6.8,52,"103.31235455","96.348443033",24.1,46.7,54.3,21.3
"Betts, Mookie","605141","2021","550","123","68","29","3","23",15.6,12.4,"0.854","90.3",34,7.8,7.5,41,"99.139157135","94.102277154",16.8,40.4,34.8,33
"Tapia, Raimel","606132","2021","533","133","99","26","2","6",13.1,7.5,"0.699","85.7",19.9,2.1,1.4,31.5,"96.953380048","92.476739258",14.7,51.2,68,12.3
"Hernández, Teoscar","606192","2021","595","163","102","29","0","32",24.9,6.1,"0.870","91.8",37.4,13.9,7.7,49,"103.3032702","96.169584775",31.8,51.8,39.4,27.5
"Turner, Trea","607208","2021","646","195","130","34","3","28",17,6.3,"0.911","89.6",34.6,7.4,5.3,46.2,"101.311622295","94.938968542",23,49.2,45.6,23.5
"Ramírez, José","608070","2021","636","147","74","32","5","36",13.7,11.3,"0.893","90",33.4,11.1,4.9,42.4,"100.831039528","94.777982232",14.9,43,36.2,27
"Gallo, Joey","608336","2021","616","99","47","13","1","38",34.6,18,"0.809","91.5",29.4,18.5,3.8,45.8,"103.455349562","96.100400474",38.8,40.4,36.4,35.7
"Swanson, Dansby","621020","2021","653","146","84","33","2","27",25.6,8,"0.760","89.3",36.8,11.4,6.1,42.7,"99.888272056","94.152698735",30.4,48.1,40.1,28.9
"Newman, Kevin","621028","2021","554","117","87","22","3","5",7.4,4.9,"0.574","85.3",32,1.6,3.5,26,"95.837500212","91.93298839",11.8,44.9,45.8,21.4
"Taylor, Chris","621035","2021","582","129","80","25","4","20",28.7,10.8,"0.782","88.2",38.1,10.2,6.4,38.1,"99.754756176","93.990311298",32.7,45.6,36.9,32.3
"Correa, Carlos","621043","2021","640","155","94","34","1","26",18.1,11.7,"0.851","90.2",33.5,9.4,7.4,42.7,"101.559240852","95.042767326",20.9,42.1,42.5,23.4
"Olson, Matt","621566","2021","673","153","79","35","0","39",16.8,13.1,"0.911","91.6",32.4,12.7,7.8,48.8,"102.889106926","95.968662554",23,47,40.4,30.2
"Alonso, Pete","624413","2021","637","147","80","27","3","37",19.9,9.4,"0.863","91",34.5,14.8,8.2,47.3,"103.709055662","96.163804165",24.9,49.3,39,30.8
"Frazier, Adam","624428","2021","639","176","130","36","5","5",10.8,7.5,"0.779","85.4",38.9,1,4.7,25.2,"94.770636087","91.395336317",12.4,47.6,42.4,20.3
"Soler, Jorge","624585","2021","602","115","61","27","0","27",23.6,11.1,"0.748","91.2",30.9,12.7,7.4,47,"103.589178942","96.139729418",29.2,44.8,41.4,29.6
"Cronenworth, Jake","630105","2021","643","151","90","33","7","21",14,8.6,"0.800","88.6",35.8,7.2,3.9,35,"98.727004664","93.509905895",13.7,43.2,43.1,23.6
"Meadows, Austin","640457","2021","591","121","62","29","3","27",20.6,10,"0.773","89.3",36.1,8.7,7.9,37.9,"99.236473035","93.763605871",24.4,46.7,28.7,36.9
"Anderson, Tim","641313","2021","551","163","115","29","2","17",21.6,4,"0.807","89.6",32.5,7.8,5.9,42.3,"100.468994726","94.526930721",25.9,57.8,56,19.3
"Crawford, J.P.","641487","2021","687","169","123","37","0","9",16.6,8.4,"0.714","86.3",34.3,2.4,3.7,30.6,"97.337774462","92.671236474",15.5,44.2,46.7,17.8
"Dozier, Hunter","641531","2021","543","105","56","27","6","16",28.4,7.9,"0.679","89.9",33,8.8,9.1,42.2,"100.920294588","94.659477906",32.4,48.8,38.3,27.7
"Mancini III, Trey","641820","2021","616","142","87","33","1","21",23.2,8.3,"0.758","88.9",36,10.4,8,42,"101.505868937","94.869304891",29.6,47,49,22.7
"McMahon, Ryan","641857","2021","596","134","78","32","1","23",24.7,9.9,"0.780","90.5",40.2,7.3,9.8,43.5,"100.810510524","94.736908351",29.2,48.8,39.4,28
"O'Neill, Tyler","641933","2021","537","138","76","26","2","34",31.3,7.1,"0.912","93",39.9,17.9,7.2,52.2,"104.172238365","97.016212516",34.7,49.8,36.2,31.4
"Rosario, Amed","642708","2021","588","155","113","25","6","11",20.4,5.3,"0.730","88.8",32,2.8,4.6,43.5,"100.03613414","94.229745093",24.8,48.9,51.4,18.9
"Adames, Willy","642715","2021","555","130","72","32","1","25",28.1,10.3,"0.818","89.5",35.1,11.4,7.6,44.7,"100.71382731","94.667554152",32.6,48.9,37.1,36
"Benintendi, Andrew","643217","2021","538","136","90","27","2","17",18,6.7,"0.766","89.6",38.5,8.9,6.7,43.2,"98.80441545","93.810618421",22.5,52.5,39.5,34.5
"Kiner-Falefa, Isiah","643396","2021","677","172","136","25","3","8",13.3,4.1,"0.669","85.5",31.6,1.8,3.5,28.8,"96.328326447","92.167027033",14.5,46.5,54.4,15.5
"Albies, Ozzie","645277","2021","686","163","86","40","7","30",18.7,6.9,"0.798","89.6",37,9.3,7.3,37.2,"98.68556664","93.56121501",24.9,56.8,31.5,38
"Devers, Rafael","646240","2021","664","165","89","37","1","38",21.5,9.3,"0.890","92.9",35.2,15,7.3,51.8,"104.101831156","96.761008486",27.7,53.6,42.3,26.3
"Urías, Luis","649966","2021","570","122","73","25","1","23",20.4,11.1,"0.790","87.9",34.9,9.3,7.4,40.5,"99.110538783","93.797357825",22.8,46.3,41.8,26.2
"Torres, Gleyber","650402","2021","516","119","88","22","0","9",20.2,9.7,"0.697","87.1",37.1,7.8,5.8,35.7,"98.748265196","93.463817961",26.3,46.7,41.8,26.3
"Díaz, Yandy","650490","2021","541","119","85","20","1","13",15.7,12.8,"0.740","89.9",28.9,7,5.2,40.6,"101.639064531","95.019968229",19.3,42.6,52.1,22.7
"Chapman, Matt","656305","2021","622","111","66","15","3","27",32.5,12.9,"0.717","89.7",32.1,13.7,4.8,41.7,"101.114826012","94.75382",32.7,44.6,33.6,37.8
"Mullins II, Cedric","656775","2021","675","175","103","37","5","30",18.5,8.7,"0.878","89.4",35.7,8.1,4.1,39.4,"99.369452076","93.977727373",20.4,46.3,40.7,27.8
"Smith, Pavin","656976","2021","545","133","91","27","4","11",19.4,7.7,"0.732","87.2",33.6,5.1,8.4,42.7,"100.06822449","94.188626913",17.3,42.1,47.8,22.4
"Verdugo, Alex","657077","2021","604","157","110","32","2","13",15.9,8.4,"0.777","90",34.7,7.1,5.3,43,"100.313736106","94.480309357",17.7,44.7,50.3,21
"Moncada, Yoán","660162","2021","616","137","89","33","1","14",25.5,13.6,"0.787","90.1",40,8.2,6.3,41.2,"100.949227444","94.870101083",28.1,42.6,44.1,20.3
"Ohtani, Shohei","660271","2021","639","138","58","26","8","46",29.6,15,"0.964","93.6",35.4,22.3,6.6,53.6,"105.900177151","97.802022297",35,45.8,39.7,34.6
"Riley, Austin","663586","2021","662","179","112","33","1","33",25.4,7.9,"0.898","90.1",36.5,13.3,8.6,45.6,"102.871134252","95.650249087",28.3,50.2,38.8,24.9
"Mountcastle, Ryan","663624","2021","586","136","79","23","1","33",27.5,7,"0.796","89.1",38.9,11.8,6.1,39.7,"100.499725842","94.394270947",31.6,55.1,35.5,33.9
"Tucker, Kyle","663656","2021","567","149","79","37","3","30",15.9,9.3,"0.916","91.4",42,11.6,11.6,47.5,"100.838759238","95.0535942",20.3,52.5,34,33.5
"India, Jonathan","663697","2021","631","143","86","34","2","21",22.3,11.3,"0.835","87.6",33.6,9.6,5.1,38.6,"99.492120758","93.903783494",25.1,39,44.9,26.3
"Grisham, Trent","663757","2021","527","112","66","28","3","15",22.6,10.2,"0.740","88.8",31,5.2,6,36.8,"99.288052118","93.873059115",21.7,40.5,42,23.3
"Lowe, Nathaniel","663993","2021","642","147","102","24","3","18",25.2,12.5,"0.772","90.8",31.4,9.5,4.5,45.5,"101.920030352","95.281020854",23.5,44.7,54.5,23.4
"Happ, Ian","664023","2021","535","105","59","20","1","25",29.2,11.6,"0.757","89.5",30.8,10.9,5.1,41.3,"100.682785163","94.566082557",32.3,43.9,47.1,28.2
"France, Ty","664034","2021","650","166","115","32","1","18",16.3,7.1,"0.813","88.5",35.9,6.8,5.3,38.9,"99.630842766","93.91855583",19.1,50.3,46.7,21.2
"Lowe, Brandon","664040","2021","615","132","62","31","0","39",27.2,11.1,"0.863","89.3",37.2,14,6.7,43.1,"100.943196413","94.724953913",32.8,52.5,34.8,32.9
"Fletcher, David","664058","2021","665","164","132","27","3","2",9,4.7,"0.621","82.3",30.4,0,1,15.7,"92.661183488","90.514600036",9.5,46.5,49.4,16.2
"Straw, Myles","664702","2021","638","153","119","29","1","4",19,10.5,"0.697","87.1",42.6,1.3,2.9,26.2,"95.725614253","91.886357172",13.5,40.4,41.1,24.6
"Walsh, Jared","665120","2021","585","147","83","34","1","29",26,8.2,"0.849","89.6",33.6,11.3,5,41.3,"101.660333632","94.949250264",26,49.3,49.6,19.7
"Tatis Jr., Fernando","665487","2021","546","135","62","31","0","42",28,11.4,"0.975","93.9",33.1,21.3,7.3,55.6,"105.698422927","97.793088537",34.8,51.5,41,29.8
"Guerrero Jr., Vladimir","665489","2021","698","188","110","29","1","48",15.8,12.3,"1.002","95.1",33.7,15.1,8.9,55.2,"106.811861538","98.446351968",27.8,47.3,45.6,25.2
"Soto, Juan","665742","2021","654","157","106","20","2","29",14.2,22.2,"0.999","93",29.7,13.3,5.3,52.7,"104.58028599","97.062348402",20,35,52.9,20.8
"Chisholm Jr., Jazz","665862","2021","507","115","73","20","4","18",28.6,6.7,"0.728","90.2",29,9,6.5,42,"100.832046938","94.723985799",29.7,47.2,49.4,24.4
"Bichette, Bo","666182","2021","690","191","131","30","1","29",19.9,5.8,"0.827","91.4",33.5,9.9,4.3,47.5,"102.637648103","95.817675415",22.3,57.8,49.3,22.3
"Carlson, Dylan","666185","2021","619","144","91","31","4","18",24.6,9.2,"0.780","88.2",40.6,7,7,31.1,"97.425225408","92.83641898",27.9,45,40.1,31.1
"García, Adolis","666969","2021","622","141","82","26","2","31",31.2,5.1,"0.740","91",29.4,11.5,6.1,45.5,"101.116772974","95.023074923",34.2,54.1,43,30.7
"Gurriel Jr., Lourdes","666971","2021","541","138","87","28","2","21",18.9,5.9,"0.785","89.7",35.8,9.6,7.2,43,"100.4470094","94.556565915",24.2,50.9,45.4,25.2
"Arozarena, Randy","668227","2021","604","145","90","32","3","20",28.1,9.3,"0.815","89.9",29.7,8.2,5.8,42.3,"101.268214833","94.942033565",32.4,44.2,49.2,20.6
"Reynolds, Bryan","668804","2021","646","169","102","35","8","24",18.4,11.6,"0.912","89.4",39.9,10.4,6.8,40.8,"100.899979412","94.776504943",23.9,48.9,39.9,28.6
"Rojas, Josh","668942","2021","550","128","82","32","3","11",24.9,10.5,"0.752","88.2",40.7,4.8,4.6,31.1,"97.144273046","92.673279109",23.5,42.2,49.6,20.8
"Edman, Tommy","669242","2021","691","168","113","41","3","11",13.7,5.5,"0.695","87.5",31.5,4.2,5.8,35.1,"98.07999625","93.108010092",14.9,47.4,46.9,23.7
"Solak, Nick","669256","2021","511","111","80","18","2","11",20.9,6.7,"0.676","86.9",29.3,6.5,4.2,33.5,"98.209109143","93.137323639",24.8,46,54.6,19.7
"Hays, Austin","669720","2021","529","125","73","26","4","22",20.2,5.3,"0.769","88.8",32.2,9.1,5.2,39.2,"99.72384466","93.967000942",24.6,46.4,43.4,26.8
"Lopez, Nicky","670032","2021","565","149","120","21","6","2",13.1,8.7,"0.743","86.8",27.6,0.7,3.9,26.9,"95.857798365","91.988841157",15.4,45.1,58,16.9
"Alvarez, Yordan","670541","2021","598","149","80","35","1","33",24.2,8.4,"0.877","93.2",37.2,15.9,7.6,54.2,"104.437748426","97.123948655",22.7,43.1,38,30.1
"Cruz Jr., Nelson","443558","2022","507","105","79","16","0","10",23.5,9.7,"0.650","90.9",28,9.3,4.5,46.1,"102.29838061","95.468978262",32,50.8,53,19.3
"Blackmon, Charlie","453568","2022","577","140","96","22","6","16",18.9,5.5,"0.733","86.2",36.7,4.4,4,30.6,"97.426435333","92.732128429",21.4,51.5,44.4,23.8
"McCutchen, Andrew","457705","2022","580","122","80","25","0","17",21.4,9.8,"0.700","89.1",36.2,8.6,5.8,40,"99.92693269","94.143160838",24.2,44.9,41.8,28.1
"Turner, Justin","457759","2022","532","130","81","36","0","13",16.7,9.4,"0.788","89.5",40.6,8,6.2,40.6,"99.002545648","93.736858523",20.3,48.2,32.8,33.3
"Andrus, Elvis","462101","2022","577","133","84","32","0","17",15.9,6.8,"0.707","87.9",29.1,4.5,3.6,34.8,"98.336003699","93.236647643",21.4,45.6,46.5,22.1
"Santana, Carlos","467793","2022","506","87","50","18","0","19",17.4,14,"0.692","90.7",31.6,9.3,7.2,44.9,"100.993708488","94.851060233",21.3,42.6,39.1,28.4
"Gurriel, Yuli","493329","2022","584","132","84","40","0","8",12.5,5.1,"0.648","88.2",30.3,1.9,4.4,35.6,"98.291200127","93.270425297",14.3,48.5,41.7,24.6
"Rojas, Miguel","500743","2022","507","111","84","19","2","6",12,5.1,"0.606","86.1",33.1,1.9,5.6,27.1,"96.249960631","92.126001845",15.5,47.9,47.1,19.6
"Escobar, Eduardo","500871","2022","542","119","69","26","4","20",23.8,7.4,"0.725","88.3",38.7,9.4,8.9,37.6,"99.290072903","93.799689784",27.7,52.4,30.9,32.8
"Pham, Tommy","502054","2022","622","131","90","23","1","17",26.8,9,"0.686","92.2",33.2,7.9,8.2,48.5,"102.514437436","95.778101436",26,42,48.2,22.4
"Martinez, J.D.","502110","2022","596","146","86","43","1","16",24.3,8.7,"0.789","89.1",42,12.5,8.9,41.7,"100.92394699","94.707836352",30.1,51.9,38.2,30.8
"Goldschmidt, Paul","502671","2022","651","178","102","41","0","35",21.7,12.1,"0.982","90.8",31.8,11.6,9.9,47.4,"102.244608246","95.440152299",26.8,41.7,40.8,28.8
"Altuve, Jose","514888","2022","604","158","91","39","0","28",14.4,10.9,"0.920","85.9",35.4,7.7,6.6,29.7,"97.300246419","92.671072541",16.2,44.3,41,25.6
"Hernández, César","514917","2022","617","139","106","28","4","1",18.5,7.3,"0.629","84.8",33.3,2.4,4.9,29.7,"96.449267051","92.257329931",20.4,47.5,48.6,19.3
"Marte, Starling","516782","2022","505","136","91","24","5","16",19.2,5.1,"0.815","86.8",38.5,6.8,7,33.9,"99.153544837","93.595179373",24,49.8,50.1,20.1
"Donaldson, Josh","518626","2022","546","106","63","28","0","15",27.1,9.9,"0.682","90.7",34.8,9.8,6.3,43.3,"100.977600417","94.867949761",33.2,47.3,43.5,25.9
"Freeman, Freddie","518692","2022","708","199","129","47","2","21",14.4,11.9,"0.918","91.3",42.9,9.9,8.5,47.8,"100.761588016","95.094269494",19.5,49.3,38.9,28.4
"LeMahieu, DJ","518934","2022","541","122","92","18","0","12",13.1,12.4,"0.734","89.2",32.8,5.3,6.8,41.1,"99.499628485","94.048075494",15.7,39.5,54.6,17
"Rizzo, Anthony","519203","2022","548","104","50","21","1","32",18.4,10.6,"0.818","89.4",34.2,10.9,7.7,41,"99.618112951","94.120579288",22.8,46.1,33.3,35
"Flores, Wilmer","527038","2022","602","120","72","28","1","19",17.1,9.8,"0.710","87.8",35.7,6.3,5.4,35.4,"97.672013814","92.963528089",18.9,45.6,34.7,31.5
"Ozuna, Marcell","542303","2022","507","106","64","19","0","23",24.1,6.1,"0.687","89.4",31.8,13.1,4,43.8,"101.775141886","95.035047714",28.7,49.4,38.4,30.7
"Aguilar, Jesús","542583","2022","507","109","74","19","0","16",23.5,5.5,"0.660","87.7",39.7,6.9,7.7,36,"98.459753543","93.301003066",27,49.5,32.9,30.9
"Cron, C.J.","543068","2022","632","148","88","28","3","29",25.9,6.8,"0.783","88.7",36.8,10.8,5.5,42.3,"101.410198894","94.867484771",24.3,47.7,39.2,27.9
"Semien, Marcus","543760","2022","724","163","101","31","5","26",16.6,7.3,"0.733","87.3",32.4,6.8,6.2,34.9,"97.838624343","93.00847117",20.6,47.2,33.6,34
"Springer III, George","543807","2022","583","137","86","22","4","25",17.2,9.3,"0.814","88.7",31.8,8.4,7.2,42.3,"101.320507081","94.768491799",28.2,50.9,44.3,24.4
"Grichuk, Randal","545341","2022","538","131","88","21","3","19",23.6,4.5,"0.724","90",27.3,6.8,6.6,43.6,"101.601495926","95.066145714",24.7,50.6,50.4,26
"Abreu, José","547989","2022","679","183","128","40","0","15",16.2,9.1,"0.824","92.2",34.5,9.5,7.7,51.8,"102.953606518","96.20270568",23.2,47.3,47.7,24
"Suárez, Eugenio","553993","2022","629","128","71","24","2","31",31.2,11.6,"0.791","89.8",36.4,14.8,7.4,43.5,"100.691818466","94.681885812",33.1,41.8,34.1,39.2
"Urshela, Gio","570482","2022","551","143","100","27","3","13",17.4,7.4,"0.767","88.9",38.6,7,6.6,37.6,"99.120552402","93.736875907",21.4,53.1,41.7,23.8
"Schoop, Jonathan","570731","2022","510","97","62","23","1","11",21,3.7,"0.561","87",29.1,4.8,6.6,38.6,"99.967628556","93.993791257",28.2,55.5,45.2,20.6
"Arenado, Nolan","571448","2022","620","163","90","42","1","30",11.6,8.4,"0.891","88.8",35.4,8.2,7.8,38.9,"99.558566721","93.952810862",19.1,48.4,30.5,29
"Farmer, Kyle","571657","2022","583","134","94","25","1","14",17,5.7,"0.701","85.5",37.7,4.4,6.9,33.8,"97.050252093","92.534027326",19.2,50.3,45.3,23.4
"Muncy, Max","571970","2022","565","91","47","22","1","21",25,15.9,"0.713","90.3",34.3,13.4,10.3,45.6,"100.488456196","94.680756043",26.1,38.6,32.5,39.5
"Pollock, AJ","572041","2022","527","120","79","26","1","14",18.6,6.1,"0.681","88.8",32.9,9.4,5.8,42,"100.414319188","94.34853632",24.7,53.6,45.3,22
"Voit III, Luke","572228","2022","568","113","69","22","0","22",31.5,9.7,"0.710","89.8",34.6,14.7,8.3,44.3,"101.411871585","94.98573844",37.6,52,34.9,34.9
"Walker, Christian","572233","2022","667","141","78","25","2","36",19.6,10.3,"0.804","90",33.3,11.5,6.5,44,"101.466371179","95.00141326",24.6,44.7,39.2,30.9
"Yastrzemski, Mike","573262","2022","558","104","54","31","2","17",25.3,10.9,"0.697","89.9",36.2,11.1,5.1,42.5,"99.830966069","94.251098237",22.5,42.9,34.8,31.9
"Canha, Mark","592192","2022","542","123","86","24","0","13",17.9,8.9,"0.770","87.7",32.2,4.9,6.8,36.6,"98.317698315","93.261380654",22.1,42.9,46.1,24.7
"Castellanos, Nick","592206","2022","558","138","98","27","0","13",23.3,5.2,"0.694","87.5",36.9,6.6,6.1,35.1,"98.393032843","93.293370431",32.2,57,42.9,28.5
"Drury, Brandon","592273","2022","568","136","75","31","2","28",22.2,6.7,"0.812","89.1",34.8,10.4,7.3,42.2,"100.586892132","94.438998321",21.5,45.9,40.9,28.3
"Judge, Aaron","592450","2022","696","177","87","28","0","62",25.1,15.9,"1.111","95.9",39,26.5,7.2,61.8,"107.110072714","99.053359221",29.8,42.7,37,38.3
"Machado, Manny","592518","2022","644","172","102","37","1","32",20.7,9.8,"0.897","91.5",36.7,9.8,9.8,49,"102.622706786","95.790495526",24.9,50.8,37.6,23.7
"Realmuto, J.T.","592663","2022","562","139","86","26","5","22",21.2,7.3,"0.820","90.3",35.6,11.3,6.7,47.2,"101.252893641","95.157569177",25.7,49,44.6,25.6
"Renfroe, Hunter","592669","2022","522","121","68","23","1","29",23.2,7.5,"0.807","90.5",32.7,10.9,6.4,43.6,"101.645981292","95.173188394",27,47.8,37.4,30.2
"Yelich, Christian","592885","2022","671","145","102","25","4","14",24.1,13.1,"0.738","91.5",30.3,8.2,6.7,48.6,"102.984892126","96.020852446",25,43.2,59.1,18
"Merrifield, Whit","593160","2022","550","126","86","28","1","11",15.5,6.9,"0.673","87.1",37.9,4.2,7.3,31.1,"96.383459857","92.27510481",19.4,50.9,41.2,28.8
"Bogaerts, Xander","593428","2022","631","171","118","38","0","15",18.7,9,"0.833","88.1",30.3,6.5,4.9,39.5,"99.97943964","94.08380455",24.8,45.7,46.6,21.1
"Profar, Jurickson","595777","2022","658","140","87","36","2","15",15.7,11.1,"0.722","87.5",34.7,4,4.6,34.3,"97.859468559","92.98708518",18.7,43.6,44.8,22.8
"Báez, Javier","595879","2022","590","132","84","27","4","17",24.9,4.4,"0.671","87.9",29.7,8,4.9,38,"99.689131182","93.890376232",35.8,55.8,50.6,22.9
"Lindor, Francisco","596019","2022","706","170","114","25","5","26",18.8,8.4,"0.788","89.3",29.2,8.3,6.2,41.3,"99.740565418","94.14308743",22.9,47.8,43.5,27.6
"Bell, Josh","605137","2022","647","147","98","29","3","17",15.8,12.5,"0.784","88.9",30.7,7.2,3.7,40.8,"100.551357456","94.511584791",21.7,45.3,50.7,19.7
"Betts, Mookie","605141","2022","639","154","76","40","3","35",16.3,8.6,"0.873","90.5",36.2,9.7,8.7,44.9,"99.954466043","94.497072751",16.5,44.2,33.7,35.6
"Hernández, Teoscar","606192","2022","535","133","72","35","1","25",28.4,6.4,"0.807","92.6",36.3,15,7.5,53.3,"103.420419483","96.496717867",35.1,48.8,44.4,25.6
"Marte, Ketel","606466","2022","558","118","62","42","2","12",18.1,9.9,"0.728","90.1",31.6,6.1,5.8,41.9,"101.202754619","94.845027056",20.7,46.1,43.2,25.3
"Nimmo, Brandon","607043","2022","673","159","106","30","7","16",17.2,10.5,"0.800","89.4",28.1,7,3.6,39.8,"100.251301732","94.354698482",19.6,43.8,51.7,20.6
"Turner, Trea","607208","2022","708","194","130","39","4","21",18.5,6.4,"0.809","88.9",35.3,7.6,6.5,41.6,"100.188198893","94.238854962",26.3,51.2,43.5,26.2
"Ramírez, José","608070","2022","685","168","90","44","5","29",12,10.1,"0.869","87.7",33.7,6.6,6.4,36.9,"98.871944811","93.503434175",15.1,46.3,32.6,28.6
"Bregman, Alex","608324","2022","656","142","81","38","0","23",11.7,13.3,"0.820","88.9",36.2,7.3,9.4,37.8,"98.378645333","93.364139021",14.9,40.3,33.5,32.6
"Seager, Corey","608369","2022","663","145","87","24","1","33",15.5,8.7,"0.772","91.1",38.4,10.5,9.9,45.5,"101.598305628","95.219542252",26.5,54.5,40.2,30.3
"Winker, Jesse","608385","2022","547","100","71","15","0","14",18.8,15.4,"0.688","87.7",32,7.6,3.1,34.3,"98.674499266","93.339254492",19.9,43.3,38.8,28.9
"Swanson, Dansby","621020","2022","696","177","119","32","1","25",26.1,7,"0.776","90.2",37,10.8,8,46.3,"100.839209567","94.810341952",30.7,49.4,38.3,29.4
"Correa, Carlos","621043","2022","590","152","105","24","1","22",20.5,10.3,"0.833","89.9",35.3,11.4,5.7,44.7,"101.992873251","95.284200765",22,44.4,42,25.9
"Ward, Taylor","621493","2022","564","139","92","22","2","23",21.3,10.6,"0.833","90",41.8,12.4,7.4,42.9,"100.184571947","94.439550026",22.2,41.4,35.5,31.3
"Wisdom, Patrick","621550","2022","534","97","44","28","0","25",34.3,9.9,"0.724","90.7",29.8,14.2,6.2,46.3,"102.164032394","95.695873993",36.4,48.1,34.9,31.8
"Olson, Matt","621566","2022","699","148","70","44","0","34",24.3,10.7,"0.802","92.9",33.8,13.6,7.6,50.9,"103.665099911","96.545680491",28.9,49.5,39.6,28.4
"Mateo, Jorge","622761","2022","533","109","64","25","7","13",27.6,5.1,"0.646","86.8",35.5,6,5.7,32.7,"98.63578407","93.337279593",30.9,53.9,38.6,25.9
"Santander, Anthony","623993","2022","647","138","81","24","0","33",18.9,8.5,"0.773","90.1",33.5,11.6,8.1,43.3,"101.330998114","94.979132939",21.5,47.7,32.2,28.7
"Alonso, Pete","624413","2022","685","162","95","27","0","40",18.7,9.8,"0.870","89.8",34.5,12.3,4.8,44.8,"102.849215397","95.616516548",24.2,49.9,36.4,30.5
"Frazier, Adam","624428","2022","602","129","100","22","4","3",12.1,7.6,"0.612","85.1",37.7,1.5,4,24.5,"95.048135872","91.524067936",14.4,48.7,41.8,23.8
"Cronenworth, Jake","630105","2022","684","140","89","30","4","17",19.2,10.2,"0.722","87.6",32.3,5.6,6.9,34.1,"97.917362826","93.091918039",18,41.8,36.2,34.1
"Bellinger, Cody","641355","2022","550","106","57","27","3","19",27.3,6.9,"0.654","89.4",34.4,8.3,5.8,38.1,"98.149983833","93.243694234",27.2,49.9,35.6,32.8
"Crawford, J.P.","641487","2022","603","126","93","24","3","6",13.3,11.3,"0.675","85.1",32.4,2,4.7,29.7,"96.663647706","92.35483867",14.3,41.3,46.5,18.2
"Mancini III, Trey","641820","2022","587","124","82","23","1","18",23,9,"0.710","89.5",39.6,9.8,10.3,40.4,"100.078586134","94.256654381",27.4,48.1,40.6,27.8
"McMahon, Ryan","641857","2022","597","130","84","23","3","20",26.5,10.1,"0.741","91.7",36.4,10.4,6.7,46.5,"102.094383676","95.689199432",28.2,45.2,44.7,27.5
"Tellez, Rowdy","642133","2022","599","116","58","23","0","35",20.2,10.4,"0.767","91.1",31.4,12.9,7.3,46,"102.553838927","95.690567213",23.8,43.5,39.7,29.9
"Rosario, Amed","642708","2022","670","180","134","26","9","11",16.6,3.7,"0.715","88.4",31.1,4.5,5.5,38.3,"99.690201132","93.991990529",21,53.1,52.5,16.8
"Adames, Willy","642715","2022","617","134","72","31","0","31",26.9,7.9,"0.756","88.9",36.4,13,6.5,43.6,"100.099002736","94.300793591",28.2,49.6,34.2,33.4
"Estrada, Thairo","642731","2022","541","127","89","22","2","14",16.5,6.1,"0.722","86.2",31.6,4.4,4.7,31.1,"97.092146345","92.54814231",19.7,49.2,51.4,20.5
"Benintendi, Andrew","643217","2022","521","140","109","23","3","5",14.8,10,"0.772","89.2",39.2,5.1,6.2,38.7,"98.21078057","93.391636347",20.7,48.2,43.8,26.7
"Kemp, Tony","643393","2022","558","117","84","24","2","7",12.4,8.1,"0.641","84.4",33.9,1.6,4.1,14.9,"93.050155144","90.545713639",13.1,48.9,43.3,24.3
"Kiner-Falefa, Isiah","643396","2022","531","126","102","20","0","4",13.6,6.6,"0.641","86.2",29.6,1.2,4.3,30.1,"96.614692718","92.355143236",11.2,44.7,55.8,14.8
"McNeil, Jeff","643446","2022","589","174","125","39","1","9",10.4,6.8,"0.836","86.9",39,2.7,5.2,30.2,"96.275278692","92.172015654",15.9,53.8,41.3,22.9
"Devers, Rafael","646240","2022","614","164","94","42","1","27",18.6,8.1,"0.879","93.1",33.1,11.5,7.7,50.9,"103.784239231","96.704402472",28.1,54.6,42.3,23.9
"Arraez, Luis","650333","2022","603","173","133","31","1","8",7.1,8.3,"0.795","88.9",38.7,3.6,5.7,30.2,"96.195004348","92.276757036",7.1,42.9,41.2,25.4
"Torres, Gleyber","650402","2022","572","135","82","28","1","24",22.6,6.8,"0.761","90.4",36.2,10.7,8.5,45.3,"100.5348042","94.660057845",27.1,49.6,35.9,32.7
"Díaz, Yandy","650490","2022","558","140","98","33","0","9",10.8,14,"0.824","92.2",30.7,4.8,8.9,49,"103.107838195","96.208559878",14.3,41.3,50,19.6
"Rengifo, Luis","650859","2022","511","129","86","22","4","17",15.5,3.3,"0.723","86.9",31.1,5.4,4.9,33.6,"98.09743639","93.096324743",21.5,55.7,48.2,23.6
"Chapman, Matt","656305","2022","621","123","68","27","1","27",27.4,11,"0.757","92.2",34,12.9,8.8,51.2,"102.906606237","96.223630699",28.7,41.7,34.6,30
"Hoskins, Rhys","656555","2022","672","145","80","33","2","30",25.1,10.7,"0.794","90.1",37.3,11.1,5.9,44.3,"100.842284953","94.804616643",25.7,41.9,36.3,33
"Mullins II, Cedric","656775","2022","672","157","105","32","4","16",18.8,7,"0.721","88.8",29.3,4.9,5.9,37.3,"98.895231356","93.569582691",22.2,51.3,41,26.4
"Schwarber, Kyle","656941","2022","669","126","56","21","3","46",29.9,12.9,"0.827","93.3",35.4,20.1,8.7,54.4,"104.793857287","97.247555372",29,40.6,34.3,33.8
"Thomas, Lane","657041","2022","548","120","75","26","2","17",24.1,7.5,"0.705","86.4",32.6,6.5,5.7,34.5,"98.449522283","93.255458474",21.1,44.1,45.3,21.3
"Verdugo, Alex","657077","2022","644","166","115","39","1","11",13.4,6.5,"0.733","89.1",37.8,6,7.6,38.2,"99.112574241","93.706486823",15.5,45.3,46.2,23
"Ohtani, Shohei","660271","2022","666","160","90","30","6","34",24.2,10.8,"0.875","92.9",35,16.8,5.6,49.8,"103.823624272","96.520363788",28.1,49.3,43,30.1
"Acuña Jr., Ronald","660670","2022","533","124","85","24","0","15",23.6,9.9,"0.764","91.2",32.8,12.8,6.1,49.7,"103.759318129","96.440064282",24.9,47.9,47.7,24.7
"Varsho, Daulton","662139","2022","592","125","72","23","3","27",24.5,7.8,"0.745","87.7",33.6,10.2,8.4,35.6,"99.211725904","93.6867316",25.2,50.6,42.7,29.8
"Hoerner, Nico","663538","2022","517","135","98","22","5","10",11,5.4,"0.737","87.2",32.4,2.6,4.7,33.5,"97.678971875","92.920531108",14.2,49.2,46.5,24.2
"Riley, Austin","663586","2022","693","168","89","39","2","38",24.2,8.2,"0.877","92.5",37.7,15.7,8.4,50.8,"104.398300222","96.785171533",27.6,51.5,39,28.8
"Mountcastle, Ryan","663624","2022","609","139","88","28","1","22",25.3,7.1,"0.728","91.3",39.5,15,4.7,46.3,"101.941494208","95.335163391",29.8,56.2,37.3,32.1
"Hayes, Ke'Bryan","663647","2022","560","123","89","24","3","7",21.8,8.6,"0.659","91",30.6,3.9,6.2,46.8,"102.263213822","95.477046745",20.7,43.3,49.6,17.7
"Tucker, Kyle","663656","2022","609","140","81","28","1","30",15.6,9.7,"0.808","90",34.4,10.2,10.2,42.4,"100.332560357","94.468288036",19.9,52.7,34.4,37.7
"Grisham, Trent","663757","2022","524","83","48","16","2","17",28.6,10.9,"0.625","88.3",25.5,8.1,5.8,35.5,"99.46593125","93.84436934",26.2,38.7,46.1,30
"Rodgers, Brendan","663898","2022","581","140","94","30","3","13",17.4,7.9,"0.733","90",31.3,7.2,5.6,45.9,"101.127645047","94.882864603",22.7,49.4,52,19.7
"Lowe, Nathaniel","663993","2022","645","179","123","26","3","27",22.8,7.4,"0.850","90.2",34.1,9.9,5.2,44.8,"101.963916216","95.317229707",24.9,52.2,48.2,21.5
"Happ, Ian","664023","2022","641","155","94","42","2","17",23.2,9,"0.782","89.7",29.2,6.5,6.5,40.4,"100.312408396","94.405566288",27.2,49,47.4,24.8
"France, Ty","664034","2022","613","151","103","27","1","20",15.3,5.7,"0.774","87.6",34.8,5.4,5,36.8,"99.035163319","93.565264683",19.3,52.5,47.8,21.2
"Straw, Myles","664702","2022","596","118","93","22","3","0",14.6,9.1,"0.564","87",34.1,0.7,4.8,26.5,"95.486124533","91.784236481",12.6,40.5,47.6,22.5
"Bohm, Alec","664761","2022","631","164","124","24","3","13",17.4,4.9,"0.713","90.2",37.7,6.8,6,43,"100.649873374","94.552579815",21.1,51.2,46.3,21
"Brown, Seth","664913","2022","555","115","61","26","3","25",26.3,9.2,"0.749","89.2",34.9,13,5.4,41.4,"101.723429266","95.001222068",29.6,48.3,36.6,30.4
"Peña, Jeremy","665161","2022","558","132","88","20","2","22",24.2,3.9,"0.715","88.1",32.9,9.7,5.4,36.7,"99.803563646","93.99255276",29.7,55.2,47.7,22.4
"Guerrero Jr., Vladimir","665489","2022","706","175","108","35","0","32",16.4,8.2,"0.819","92.8",27.9,11.2,6.8,50.4,"105.507038582","97.328619789",24.4,49.7,52.3,17.1
"Soto, Juan","665742","2022","664","127","73","25","2","27",14.5,20.3,"0.853","91",28.5,12.4,7.2,47.4,"102.236934112","95.653888852",19.2,35.5,47.4,27.1
"Giménez, Andrés","665926","2022","557","146","100","26","3","17",20.1,6.1,"0.837","87.8",31.3,6.2,6.5,37.8,"99.022592","93.615976351",26.2,53.7,48.2,19.4
"Bichette, Bo","666182","2022","697","189","121","43","1","24",22.2,5.9,"0.802","91.9",33.3,9.6,7.2,50.3,"102.743171296","96.003278846",23,55.9,49.1,22
"García, Adolis","666969","2022","657","151","85","34","5","27",27.9,6.1,"0.756","92.1",36.9,12.9,9.3,47.4,"102.368780141","95.786867388",33.5,53.5,41.1,25
"Arozarena, Randy","668227","2022","645","154","90","41","3","20",24.2,7.1,"0.772","89.9",28.2,7.9,5.8,41,"101.17822","94.772195116",28.6,46.1,50.2,19.7
"Reynolds, Bryan","668804","2022","614","142","92","19","4","27",23,9.1,"0.806","90.2",35.5,7.9,6,42.9,"100.882578564","94.722792556",27.7,50.4,43.7,27.8
"Rojas, Josh","668942","2022","510","119","84","25","1","9",19.2,10.8,"0.740","88.8",33.5,4.5,4.8,36.1,"98.050444128","93.265048338",22.2,41,43.9,26.2
"Melendez Jr., MJ","669004","2022","534","100","58","21","3","18",24.5,12.4,"0.706","90.7",31,10.4,6.8,43.5,"100.595888323","94.716383713",27.8,44.6,39.6,32.7
"Murphy, Sean","669221","2022","612","134","77","37","2","18",20.3,9.2,"0.758","88.7",34.7,10.5,6.5,41.4,"101.085158756","94.706891435",24,49.3,42.1,23.4
"Edman, Tommy","669242","2022","630","153","105","31","4","13",17.6,7.3,"0.724","88.6",31.6,6.2,5.1,37.8,"98.931648319","93.598664536",20.6,47,49.4,20.5
"Smith, Will","669257","2022","578","132","79","26","3","24",16.6,9.7,"0.808","89.9",36.8,10.3,7.2,43,"99.764565096","94.188464255",19.3,42.6,31.5,37.3
"Hays, Austin","669720","2022","582","134","81","35","2","16",19.6,5.8,"0.719","87.7",32.3,5.2,7.1,37.7,"98.997922429","93.543165976",23.5,51,43.6,22.4
"Alvarez, Yordan","670541","2022","561","144","76","29","2","37",18.9,13.9,"1.019","95.2",40.7,21,7.5,59.8,"105.676985081","98.195923324",23.4,42.7,39.9,30.5
"Kirk, Alejandro","672386","2022","541","134","101","19","0","14",10.7,11.6,"0.787","90.5",32,6.7,6.5,45.4,"101.053304663","94.989537614",15.4,41,50,20.4
"Kim, Ha-Seong","673490","2022","582","130","87","29","3","11",17.2,8.8,"0.708","86.7",34,4.2,6.1,32.4,"97.647567656","92.869312734",19.1,43.3,40.8,22.9
"Rodríguez, Julio","677594","2022","560","145","89","25","3","28",25.9,7.1,"0.854","92",32.7,13.1,8.4,50.7,"103.718795769","96.379006446",30.4,50.2,46.3,24
"Witt Jr., Bobby","677951","2022","632","150","93","31","6","20",21.4,4.7,"0.722","89.7",32.5,8.7,4.6,38.6,"100.836506783","94.527115512",25.2,51.8,36.2,33.4
"Kwan, Steven","680757","2022","638","168","130","25","7","6",9.4,9.7,"0.773","85.1",34.6,1.4,2.6,20.8,"94.219058287","91.134248486",9,38.1,42.6,23.6
"Vaughn, Andrew","683734","2022","555","138","92","28","1","17",17.3,5.6,"0.750","90.8",34.1,7.9,10,48.6,"101.162950291","95.12858284",21,47,48,22.2
"Turner, Justin","457759","2023","626","154","100","31","0","23",17.6,8.1,"0.800","89.5",36.8,5.7,9.3,39,"98.567368238","93.587032225",17.5,45,35.7,33
"Santana, Carlos","467793","2023","619","132","75","33","1","23",16.8,10.5,"0.747","88.8",31.3,6.7,4.7,36.4,"99.367236","93.791213073",22.1,45.3,43.3,24.2
"Goldschmidt, Paul","502671","2023","687","159","103","31","0","25",23.4,12.7,"0.810","91.3",35.6,12,8.5,50.8,"102.40959555","95.767792759",27.5,44,41.4,26.9
"Freeman, Freddie","518692","2023","730","211","121","59","2","29",16.6,9.9,"0.977","90",46.6,11.1,8.8,42.2,"100.590638269","94.617661541",20.4,51,35.9,29.6
"LeMahieu, DJ","518934","2023","562","121","81","22","3","15",22.2,10.7,"0.717","89.6",31.6,5.9,6.4,43,"100.265359786","94.32212244",19.7,39.2,55.6,17.4
"Perez, Salvador","521692","2023","580","137","93","21","0","23",23.3,3.3,"0.714","90.1",38,8.8,9.7,44,"101.357412537","94.955683293",30.2,60.2,36,30.2
"Ozuna, Marcell","542303","2023","592","145","75","29","1","40",22.6,9.6,"0.904","91.8",34.9,16.6,6.5,49,"103.257673232","96.232240934",26.7,48.4,39.9,32.4
"Semien, Marcus","543760","2023","753","185","112","40","4","29",14.6,9.6,"0.826","88.4",37.5,6.5,6.9,37,"98.08417844","93.189258191",18,47.1,34,35.4
"Springer III, George","543807","2023","683","158","111","25","1","21",18.3,8.8,"0.732","88.3",32.2,7.7,6.5,39.9,"100.34851102","94.297792755",22.3,49.3,44.8,25.9
"Harper, Bryce","547180","2023","546","134","83","29","1","21",21.8,14.7,"0.900","91.8",36.8,15.2,6.7,46.8,"103.839812899","96.235486154",33.2,51.4,45.3,22.8
"Abreu, José","547989","2023","594","128","86","23","1","18",21.9,7.1,"0.679","89",32.5,8.7,4.6,41.6,"100.821833606","94.59770588",26.4,50.1,45,21.9
"Díaz, Elias","553869","2023","526","130","90","25","1","14",22.4,6.5,"0.725","88.1",31.2,6.2,4.3,38.4,"100.035107459","94.071648482",28.4,54.8,46.5,19.9
"Suárez, Eugenio","553993","2023","694","139","88","29","0","22",30.8,10.1,"0.714","90.3",37.7,13.2,6.8,43,"100.661115455","94.726665316",32.8,44.5,34.2,34.4
"Arenado, Nolan","571448","2023","612","149","95","26","2","26",16.5,6.7,"0.774","88.8",33,7.3,6,38.1,"99.311427863","93.760489679",20.2,48.5,38.8,25.7
"Hernández, Enrique","571771","2023","508","110","76","23","0","11",19.1,6.7,"0.646","87.8",31,4.5,5.1,33.7,"97.831208503","92.980265241",23.6,46.7,37.4,28.1
"Muncy, Max","571970","2023","579","102","48","17","1","36",26.4,14.7,"0.808","91.2",33.7,14.6,8.4,46.6,"101.315308623","95.11269018",29.6,39.3,33.4,38.5
"Walker, Christian","572233","2023","661","150","79","36","2","33",19.2,9.4,"0.830","88",32.6,11.4,6,40.4,"100.601281422","94.397470475",26.4,48.6,38.7,32.6
"Canha, Mark","592192","2023","507","114","77","25","1","11",15.6,9.7,"0.755","87.9",30.9,4.7,6.6,36.7,"98.959607624","93.632062936",18.3,41.6,43.9,25.4
"Castellanos, Nick","592206","2023","671","170","102","37","2","29",27.6,5.4,"0.787","88.9",36.5,10.3,7.4,43.2,"100.3894813","94.419143027",35.4,56.2,41.8,28.9
"Drury, Brandon","592273","2023","523","127","68","30","3","26",26,4.8,"0.803","89.9",35,11,7.6,46.3,"101.80875267","95.132794574",30.2,51.6,42.7,26.3
"Machado, Manny","592518","2023","601","140","89","21","0","30",18.1,8.3,"0.781","91",30.2,10.5,7.7,45.9,"102.375377","95.525381708",23.9,49.3,40.2,28.9
"Realmuto, J.T.","592663","2023","540","123","70","28","5","20",25.6,6.5,"0.762","89.8",36.2,11.2,7,43.3,"101.30139764","94.961935393",26.2,50.5,37.6,28.9
"Renfroe, Hunter","592669","2023","548","116","65","31","0","20",22.8,8,"0.713","88.3",29.5,6.1,6.9,39.1,"100.508778984","94.37524563",26.4,50.8,42.8,25.3
"Rosario, Eddie","592696","2023","516","122","74","24","3","21",23.6,6.6,"0.755","88.6",35.9,9.5,5.6,35.4,"98.60055257","93.424315434",29.7,57.4,39.8,28.4
"Yelich, Christian","592885","2023","632","153","99","34","1","19",22.2,12.3,"0.817","91.7",30.4,9.2,6.1,50.1,"103.18368722","96.096251589",26.8,45,57.4,17.3
"Merrifield, Whit","593160","2023","592","149","111","27","0","11",17.1,6.1,"0.700","85.1",37.2,2.4,5.3,24.3,"94.880835796","91.453019024",19.5,51.1,40.5,25.7
"Bogaerts, Xander","593428","2023","665","170","118","31","2","19",16.5,8.4,"0.790","87.6",28.3,6.1,4.5,34.6,"98.476149796","93.284202061",20.4,42.6,49.8,22.6
"Profar, Jurickson","595777","2023","521","111","73","27","2","9",17.3,9.6,"0.689","86.5",37.7,4,5.1,31.8,"97.18982877","92.606877674",20,47.2,40.1,24.1
"Báez, Javier","595879","2023","547","113","82","18","4","9",22.9,4.4,"0.592","88",28.9,5.2,7,39.7,"100.19637776","94.157773958",32.6,54.8,50.5,23.5
"Lindor, Francisco","596019","2023","687","153","87","33","2","31",19.9,9.6,"0.806","91.2",35.8,10.4,7.2,43.9,"100.821281314","94.916417775",22.8,48,34.1,31.4
"Candelario, Jeimer","600869","2023","576","127","63","39","3","22",22,9.2,"0.807","88.3",36.9,7.9,7.3,36.4,"99.185208","93.708029184",24.2,47.4,39.8,28
"Bell, Josh","605137","2023","617","135","85","28","0","22",21.7,10.2,"0.744","90.1",31.3,10.1,5.3,43,"101.611186796","94.955559951",25.8,47.7,48.8,26
"Betts, Mookie","605141","2023","693","179","99","40","1","39",15.4,13.9,"0.987","92.4",42.5,12.4,11.2,48.5,"100.865674689","95.28290971",16.7,38.1,27.6,35.7
"Davis, J.D.","605204","2023","546","119","77","23","1","18",27.8,9.5,"0.737","91.1",33.5,9.6,6.3,45.2,"101.437064311","95.258851108",34,53.1,53.3,20.4
"Arcia, Orlando","606115","2023","533","129","87","25","0","17",19.1,7.3,"0.741","88.2",30.6,6.9,4.6,41.1,"99.189217927","93.735384508",24.3,46.2,53.5,20.8
"Hernández, Teoscar","606192","2023","678","161","104","29","2","26",31.1,5.6,"0.740","91.3",35.2,13.8,6.4,49.4,"103.014681476","96.109592578",35.8,53.6,42.8,26.8
"Marte, Ketel","606466","2023","650","157","97","26","9","25",16.8,10.9,"0.843","91.1",30.8,8,6,42.8,"101.585403319","95.10445528",20.5,45.5,45.8,25.2
"Nimmo, Brandon","607043","2023","682","162","102","30","6","24",21.4,10.9,"0.829","91.8",33.5,9.5,6.4,47.9,"101.50757","95.462726837",22,42.4,41.2,26.4
"Turner, Trea","607208","2023","691","170","104","35","5","26",21.7,6.5,"0.779","89.9",36.1,8.4,6.9,42.2,"100.292342286","94.550003245",29.6,53.1,40.2,30.6
"Ramírez, José","608070","2023","691","172","107","36","5","24",10.6,10.6,"0.831","90",36.8,7,6.3,40.4,"100.07775","94.35370079",15.6,46.6,34.9,28.5
"Bregman, Alex","608324","2023","724","163","106","28","4","25",12,12.7,"0.804","88.6",35.8,5.4,10.1,38.2,"98.071537732","93.248960689",14.1,38.7,35.4,31.1
"Seager, Corey","608369","2023","536","156","81","42","0","33",16.4,9.1,"1.013","93.3",38,15.2,11.4,53.2,"103.543493485","96.785948962",25,55.1,40.3,29.4
"Meneses, Joey","608841","2023","657","168","118","36","1","13",19.8,5.8,"0.722","89.4",32.9,5.4,5,41.7,"99.929364091","94.237468244",23.6,47.6,48.1,19.2
"Swanson, Dansby","621020","2023","638","138","88","25","3","22",24.1,10.3,"0.744","89.3",35.1,10.9,7.3,39.7,"99.817409223","94.10753236",28.7,47.3,44.1,25.2
"Correa, Carlos","621043","2023","580","118","69","29","2","18",22.6,10.2,"0.711","90.4",31.1,9.6,7,45.9,"102.481230628","95.635527984",25.1,43.6,46.4,21.5
"Olson, Matt","621566","2023","720","172","88","27","3","54",23.2,14.4,"0.993","93.7",31,16.4,9.2,55.5,"104.825276757","97.314084392",28.4,46.8,38.7,34.4
"Santander, Anthony","623993","2023","656","152","82","41","1","28",23.2,8.4,"0.797","90.6",33,10.2,8.4,46,"101.732013378","95.319994041",23.5,49,35,32.5
"Alonso, Pete","624413","2023","658","123","54","21","2","46",22.9,9.9,"0.822","89.5",32.3,14.7,6.4,40.1,"102.342134502","95.253955701",26.2,43.7,36.3,35.4
"Soler, Jorge","624585","2023","580","126","66","24","0","36",24.3,11.4,"0.853","91.3",36.5,15,10.4,48,"103.053956467","95.950783079",27.6,44.1,36.2,31.6
"Cronenworth, Jake","630105","2023","522","105","64","24","7","10",18.6,8.8,"0.690","87.4",35.7,4.4,8.4,33.2,"97.73147257","92.917093417",15.9,47.6,37.6,29.2
"Anderson, Tim","641313","2023","524","121","100","18","2","1",23.3,5,"0.582","87.8",32.4,2.9,5.9,39.4,"99.22965129","93.713640376",25.3,53.5,61.4,10.7
"Bellinger, Cody","641355","2023","556","153","97","29","1","26",15.6,7.2,"0.881","87.9",38,6.1,5.4,31.4,"97.661544057","92.874372388",20.1,49.9,35.8,29.2
"Crawford, J.P.","641487","2023","638","142","88","35","0","19",19.6,14.7,"0.818","88.3",35.3,4.8,6.5,36.2,"99.143101569","93.649442623",18.6,38.6,39.6,23.7
"McMahon, Ryan","641857","2023","627","133","76","31","3","23",31.6,10.8,"0.753","90.8",39.4,11.4,6.4,44.2,"102.017798324","95.343043101",32.2,47.4,44.2,28.1
"Smith, Dominic","642086","2023","586","134","100","21","1","12",15.5,8,"0.692","86.3",37,6.6,3.7,30.8,"97.225088721","92.631850959",19.9,49,42.7,25.8
"Rosario, Amed","642708","2023","545","134","95","25","8","6",18.2,5.3,"0.683","88.3",33.8,3.4,5.8,39.4,"99.501582705","93.941784576",23.1,53.4,48.1,18.1
"Adames, Willy","642715","2023","638","120","65","29","2","24",25.9,11.1,"0.717","87.4",35,12.4,4.1,36.5,"99.086365635","93.664258959",31,50,36.3,31.5
"Estrada, Thairo","642731","2023","530","134","92","26","2","14",22.6,4.2,"0.731","85.9",34.7,4.8,3.7,33.7,"97.898139565","92.983630679",21.1,51.7,45.4,22.3
"Benintendi, Andrew","643217","2023","621","147","106","34","2","5",14.3,8.4,"0.682","86.6",40.9,2.9,3.4,27,"95.498075212","91.757391695",19.3,49,39.6,26.6
"McNeil, Jeff","643446","2023","648","158","119","25","4","10",10,6,"0.711","86",32.1,1.3,5.7,27.4,"95.984354131","92.004150754",13.4,53,42.2,22.1
"Albies, Ozzie","645277","2023","660","167","99","30","5","33",16.2,7,"0.849","88.7",37.4,8.2,10.5,39,"98.667615565","93.481568303",20.6,54.6,36.8,33.8
"Devers, Rafael","646240","2023","656","157","90","34","0","33",19.2,9.5,"0.851","93.1",30,12.7,8.5,55.1,"104.483705833","97.182864659",26.1,52.6,42.7,28.4
"Arraez, Luis","650333","2023","617","203","160","30","3","10",5.5,5.7,"0.862","88.3",44.7,3.5,3.7,25.7,"95.658900664","92.009454214",7.8,51,42.8,24.1
"Torres, Gleyber","650402","2023","672","163","108","28","2","25",14.6,10,"0.800","89.7",37.3,7.9,7.5,40.3,"99.649800996","94.055057585",21.8,46.8,38.9,30.6
"Díaz, Yandy","650490","2023","600","173","116","35","0","22",15.7,10.8,"0.932","93.4",30.5,9.5,6.5,54,"104.285177685","97.074568747",18.3,42.6,52.2,20.8
"De La Cruz, Bryan","650559","2023","626","149","98","32","0","19",22.7,6.4,"0.715","89.9",41,8.8,7.2,42.5,"100.272527091","94.400399818",28.7,50.1,40.7,24.9
"Chapman, Matt","656305","2023","581","122","64","39","2","17",28.4,10.7,"0.754","93.4",32.4,17.1,7.8,56.4,"103.539639884","96.813201603",31.1,43.3,35,30.6
"McKinstry, Zach","656716","2023","518","107","73","21","4","9",21.8,8.5,"0.653","87.2",37.1,7.6,5.9,33.5,"97.726678239","92.940971652",20.4,47.3,35.7,34
"Schwarber, Kyle","656941","2023","720","115","48","19","1","47",29.9,17.5,"0.817","92.4",34.3,16.4,6.7,48.8,"103.398490108","96.18179379",31.5,37.7,34.6,33.8
"Thomas, Lane","657041","2023","682","168","101","36","3","28",25.8,5.3,"0.783","88.5",36.8,9.6,6.5,40.7,"100.191573957","94.319062004",23,43.6,43.4,23.5
"Verdugo, Alex","657077","2023","602","144","89","37","5","13",15.4,7.5,"0.745","89.2",35.4,5,6.3,37.6,"99.116993728","93.701176864",15.6,40.9,44.8,23.1
"Ohtani, Shohei","660271","2023","599","151","73","26","8","44",23.9,15.2,"1.066","94.4",35.6,19.6,6.4,54.2,"105.748559101","97.769057809",32.3,48.2,42.6,30.3
"Acuña Jr., Ronald","660670","2023","735","217","137","35","4","41",11.4,10.9,"1.012","94.7",33.6,15.3,9.1,55.2,"106.368689571","98.157029125",18.7,46.2,48.8,22.4
"Ruiz, Keibert","660688","2023","562","136","94","24","0","18",10.3,5.5,"0.717","87.4",39.4,5.8,4.9,31.9,"97.263733176","92.681495075",14.3,51.1,38.8,24.6
"Contreras, William","661388","2023","611","156","100","38","1","17",20.6,10.3,"0.824","91.3",27.1,9.4,6.2,48.7,"103.241329369","96.097846496",28,43.2,55.4,20.4
"Varsho, Daulton","662139","2023","581","116","70","23","3","20",23.2,7.7,"0.674","87.8",34.3,7.3,7.3,36.1,"99.853027513","94.005486074",24.5,50.1,35.9,31.1
"Nootbaar, Lars","663457","2023","503","111","73","23","1","14",19.7,14.3,"0.785","89.1",30.8,8.8,5.4,37.8,"100.334219085","94.369985457",18.2,35.5,50.5,23
"Hoerner, Nico","663538","2023","688","175","135","27","4","9",12.1,7.1,"0.729","86.6",33.2,1.8,4.2,33.4,"97.320472852","92.695131651",12.4,45.6,47.2,20.3
"Riley, Austin","663586","2023","715","179","107","32","3","37",24.1,8.3,"0.861","92.3",35.2,13.9,7.8,49.2,"103.384251814","96.274145591",27.8,48.2,41.1,28.6
"Hayes, Ke'Bryan","663647","2023","525","134","81","31","7","15",19.8,5.3,"0.762","92.2",34.1,7.4,9.9,48.3,"101.67326359","95.450846324",21.2,45.6,42,26.2
"Tucker, Kyle","663656","2023","674","163","92","37","5","29",13.6,11.9,"0.886","90.2",35.4,10.6,8.1,45.9,"100.798373008","94.831132546",18.5,47,38.6,32.7
"India, Jonathan","663697","2023","529","111","71","23","0","17",20.6,9.8,"0.745","89.5",37.2,7.7,7.7,38.6,"99.676934286","94.0396352",22,38.6,39.5,29.3
"Raleigh, Cal","663728","2023","569","119","65","23","1","30",27.8,9.5,"0.762","89.5",36.5,12.6,7,41,"101.028271404","94.749354873",29.9,49.7,31.7,35.1
"Grisham, Trent","663757","2023","555","93","48","31","1","13",27.7,13.5,"0.667","90.3",32.8,11.9,7.5,40,"100.701927386","94.880503967",28.3,41.6,38.1,28.1
"Vierling, Matt","663837","2023","530","125","89","21","5","10",21.1,8.3,"0.717","89.1",32.2,4.6,5.1,42.8,"100.577331105","94.490701519",19.3,44.3,49.1,20.3
"Stephenson, Tyler","663886","2023","517","113","78","20","2","13",26.1,9.1,"0.695","89.4",33.5,7.6,9.4,43.5,"100.030744788","94.357020636",28.4,42.5,48.9,23.3
"Lowe, Nathaniel","663993","2023","724","163","105","38","3","17",22.8,12.8,"0.774","89.8",36.7,6.5,6.3,41.6,"101.145951991","94.820277484",20.6,43.8,48.2,20.2
"Happ, Ian","664023","2023","691","144","84","35","4","21",22.1,14.3,"0.791","89.9",36.7,9,5.5,39,"99.676936326","94.121891884",25.2,44.4,41.8,25.6
"France, Ty","664034","2023","665","147","103","32","0","12",17.6,6.5,"0.703","87.5",36.9,6.8,5.1,38.6,"99.277871319","93.765945224",21.9,53.2,41.8,23.1
"Straw, Myles","664702","2023","518","110","88","18","3","1",18.7,8.1,"0.598","86.3",34,0.5,2.4,23.3,"95.141368287","91.593212265",14,44,48.5,20.7
"Bohm, Alec","664761","2023","611","153","102","31","0","20",15.4,6.9,"0.764","89.4",35.1,5.7,7,41.7,"100.435445021","94.400147213",18.1,49.8,42.6,23.8
"Wade Jr., LaMonte","664774","2023","519","110","77","14","2","17",18.3,14.6,"0.790","88.4",33.6,9.1,5.8,39.8,"99.530093174","93.945744444",20.7,39.5,39.5,28.7
"Peña, Jeremy","665161","2023","634","152","107","32","3","10",20.3,6.8,"0.705","88",32.4,4,5.3,35.8,"99.143524796","93.690137489",28.3,53.2,54.4,18.9
"Tatis Jr., Fernando","665487","2023","635","148","89","33","1","25",22.2,8.3,"0.771","91.9",31.5,11,7.8,49.3,"102.94128633","96.024566651",30.5,54.1,47.7,25.1
"Guerrero Jr., Vladimir","665489","2023","682","159","103","30","0","26",14.7,9.8,"0.789","92.1",32.4,11.1,6.1,49.2,"104.050992964","96.528144743",23,50.6,45.3,21.7
"Soto, Juan","665742","2023","708","156","88","32","1","35",18.2,18.6,"0.929","93.2",28.5,13,7.6,55.3,"104.484350409","97.215905977",20.4,35.8,51.9,25.2
"Taveras, Leody","665750","2023","554","136","88","31","3","14",21.1,6.3,"0.733","90.1",35.2,7.2,5.5,43.1,"100.592817638","94.514120854",24.2,49.4,45.9,22.7
"Giménez, Andrés","665926","2023","616","140","93","27","5","15",18.2,5.2,"0.713","84.8",29.9,5.5,4.2,27,"96.663934128","92.344201908",25,54.6,46.7,22.1
"Bichette, Bo","666182","2023","601","175","122","30","3","20",19.1,4.5,"0.814","90.2",38.3,9.6,6.1,44.9,"101.736681894","95.184330552",21.1,56.6,46.4,18.8
"García, Adolis","666969","2023","632","136","68","29","0","39",27.7,10.3,"0.836","92.1",36,16.1,8.5,49.7,"102.949539534","96.163808523",31.6,48.6,37.8,36
"Gurriel Jr., Lourdes","666971","2023","592","144","83","35","2","24",17.4,5.6,"0.772","89.7",35.3,8.4,6.9,46,"99.859212133","94.368560668",18.7,49.1,43.3,24.4
"Rooker Jr., Brent","667670","2023","526","114","63","20","1","30",32.7,9.3,"0.817","91.6",37.3,15.6,7.1,49.5,"102.653891351","95.962225864",38.2,46.1,33.2,36.9
"Arozarena, Randy","668227","2023","654","140","95","19","3","23",23.9,12.2,"0.789","91.7",31.8,12.3,7.8,48.3,"102.055211709","95.651873174",29.1,43,43.3,25.3
"Steer, Spencer","668715","2023","665","158","95","37","3","23",20.9,10.2,"0.820","88.7",35.3,6.7,6.5,37.1,"99.167567432","93.741896795",24.1,43.8,38,27.5
"Reynolds, Bryan","668804","2023","640","151","91","31","5","24",21.6,8.3,"0.790","90.9",36.9,11.1,6.6,47.3,"101.022834344","94.957065034",28.2,47.4,44.1,28.7
"Rutschman, Adley","668939","2023","687","163","111","31","1","20",14.7,13.4,"0.809","88.4",37,7.5,6.5,38.6,"99.614450772","93.937278476",15.6,41,42.9,26
"Melendez Jr., MJ","669004","2023","602","125","75","29","5","16",28.2,10.3,"0.714","93.2",34.6,11.4,8.2,49.6,"101.434950217","95.609327411",34.4,47.9,35.4,34.6
"Edman, Tommy","669242","2023","528","119","77","25","4","13",15.9,6.6,"0.706","89.1",27.9,5,5.7,38.8,"99.456717727","93.865892803",16.1,45.7,51.7,21.4
"Smith, Will","669257","2023","554","121","79","21","2","19",16.1,11.4,"0.797","89.3",37.5,6.7,9.3,41.6,"99.645654456","94.001340492",19.5,45.7,37.7,32.3
"Suwinski, Jack","669261","2023","534","100","51","21","2","26",32.2,14,"0.793","90.5",34.2,15.7,7.5,43.4,"102.173377122","95.316292734",30.1,39,28.1,36.3
"Burger, Jake","669394","2023","540","123","60","28","1","34",27.6,5.9,"0.827","91.9",33.4,16.7,6.9,49.6,"105.009725862","96.989580029",34.1,54,42.9,21.9
"Hays, Austin","669720","2023","566","143","89","36","2","16",24.9,6.7,"0.769","89.4",31,8.9,7.6,40.1,"100.462787656","94.411352037",28.3,46.6,44.8,29.7
"Paredes, Isaac","670623","2023","571","123","68","24","0","31",18.2,10.2,"0.840","86.9",32.4,5.9,5.9,28.5,"96.372683866","92.205361059",18.2,45.6,31.6,28.5
"Friedl Jr., TJ","670770","2023","556","136","88","22","8","18",16.2,8.5,"0.819","86.7",32,3.2,2.2,27.6,"96.368739947","92.196228515",18.2,42.2,42.8,25.9
"Casas, Triston","671213","2023","502","113","66","21","2","24",25.1,13.9,"0.857","91.1",36.1,13.1,7.5,46.6,"102.616692288","95.686960262",28.1,43.6,36.4,31.5
"Harris II, Michael","671739","2023","539","148","94","33","3","18",18.7,4.6,"0.808","90.9",34.6,10,5.9,48.5,"103.586789505","96.131496609",24.4,52.9,48,17.4
"Garcia, Maikel","672580","2023","515","126","98","20","4","4",22.3,7.4,"0.681","91.8",36.9,3.9,9.4,50.6,"101.538604663","95.500565408",19.5,43.1,48.3,18.3
"Robert Jr., Luis","673357","2023","595","144","69","36","1","38",28.9,5,"0.857","89.1",38,15.4,5.6,42.3,"101.844478191","95.05043424",33.5,58.3,36.4,30.3
"Kim, Ha-Seong","673490","2023","626","140","100","23","0","17",19.8,12,"0.749","86.2",36.1,4.2,5.7,26.7,"96.561670433","92.283861587",17.7,38.9,41.3,25.2
"Suzuki, Seiya","673548","2023","583","147","90","31","6","20",22.3,10.1,"0.842","91.4",36.5,10.5,8.2,48,"102.157061122","95.610201816",21.3,40.9,43.6,24
"Jung, Josh","673962","2023","515","127","78","25","1","23",29.3,5.8,"0.782","91.8",41.9,11.9,7.9,47.4,"101.620526098","95.373200793",29.7,51.8,37.4,29.5
"Rodríguez, Julio","677594","2023","714","180","109","37","2","32",24.5,6.6,"0.818","92.7",31.8,11.9,7.3,52,"104.082287708","96.812366417",28.2,53.9,47.6,24.5
"Witt Jr., Bobby","677951","2023","694","177","108","28","11","30",17.4,5.8,"0.814","90.7",34.4,11.5,7.2,45.6,"102.080606768","95.411820457",22.8,50.5,37.6,28.4
"Tovar, Ezequiel","678662","2023","615","147","91","37","4","15",27,4.1,"0.695","88",36.4,8.1,3.6,36.2,"99.019446394","93.628807036",31.3,59.7,43.1,26.4
"Torkelson, Spencer","679529","2023","684","141","75","34","1","31",25,9.8,"0.759","91.8",33.2,14.1,7,50.9,"102.691928356","96.002045502",24.7,46.2,33.9,31.6
"Kwan, Steven","680757","2023","718","171","123","36","7","5",10.4,9.7,"0.710","86",37.7,1.1,2.8,18.8,"94.063409324","91.031738203",11.1,41.2,46.7,20
"Stott, Bryson","681082","2023","640","164","115","32","2","15",15.6,6.1,"0.748","88.1",36.4,4.7,5.3,35.2,"97.379136163","92.802445092",15.1,45,47.4,23.1
"Outman, James","681546","2023","567","120","78","16","3","23",31.9,12,"0.790","87.9",38.2,11.1,3.9,39.9,"99.962159145","94.027798454",36.6,46,39.2,30.4
"Abrams, CJ","682928","2023","614","138","86","28","6","18",19.2,5.2,"0.712","87.4",32.6,6.9,7.5,35.9,"98.814933243","93.426357297",22.3,53.5,44.8,25.1
"Carroll, Corbin","682998","2023","645","161","96","30","10","25",19.4,8.8,"0.868","90",32.7,7.6,7.8,40.9,"100.972563211","94.780604736",21.5,45.8,45.3,24
"Henderson, Gunnar","683002","2023","622","143","77","29","9","28",25.6,9,"0.814","92",32.9,11.4,7.9,52,"102.730226238","96.062562903",26.4,46.8,45.8,26.5
"Volpe, Anthony","683011","2023","601","113","65","23","4","21",27.8,8.7,"0.666","88.7",35.5,9,7.7,43,"99.54617672","93.954577957",28.1,47.9,41.1,27.6
"Vaughn, Andrew","683734","2023","615","146","93","30","2","21",21,5.9,"0.743","90.6",30.3,8.4,7.3,46.5,"101.661403","95.348849294",24.1,47.5,44.4,23.7
"Yoshida, Masataka","807799","2023","580","155","104","33","3","15",14,5.9,"0.783","89",29.5,6.6,3.9,40.6,"100.123813246","94.28056556",18.3,43.3,55,19.4